prefix,year,residual_mm,abs_residual_mm,storage_delta_mm,wat_flux_balance_mm,initial_storage_mm,final_storage_mm,rm_mm,irr_mm,interception_mm,q_mm,ep_mm,es_mm,er_mm,dp_mm,latqcc_mm,tile_mm,ledger
p1,1,-0.9616983498050331,0.9616983498050331,-314.6546096860622,-315.61630803586723,605.8465601499813,291.1919504639191,1011.2,0.0,93.75848944941498,917.441510550585,260.4151256686011,0.04424324775918255,0.0,39.96780305026056,15.189136069246373,0.0,independent_wat_flux_minus_additive_storage_delta
p1,2,-2.842170943040401e-14,2.842170943040401e-14,-14.63015837549898,-14.630158375499008,291.1919504639191,276.56179208842013,970.4444774860931,0.0,87.40963838211141,883.0348391039818,14.630158375498894,0.0,0.0,0.0,0.0,0.0,independent_wat_flux_minus_additive_storage_delta
p1,3,7.105427357601002e-14,7.105427357601002e-14,-5.425460309238815,-5.425460309238744,276.56179208842013,271.1363317791813,886.6377659398838,0.0,77.43923411289717,809.1985318269867,5.425460309238744,0.0,0.0,0.0,0.0,0.0,independent_wat_flux_minus_additive_storage_delta
p1,4,-2.460254222569347e-13,2.460254222569347e-13,-2.0804673654155863,-2.0804673654158323,271.1363317791813,269.05586441376573,1133.2810899073563,0.0,102.08406391576321,1031.1970259915934,2.080467365415605,0.0,0.0,0.0,0.0,0.0,independent_wat_flux_minus_additive_storage_delta
p1,5,3.4861002973229915e-14,3.4861002973229915e-14,-0.9546664462864669,-0.954666446286432,269.05586441376573,268.10119796747927,810.4366666666667,0.0,95.48794334925576,714.9487233174109,0.9546664462865457,0.0,0.0,0.0,0.0,0.0,independent_wat_flux_minus_additive_storage_delta
p1,6,9.547918011776346e-15,9.547918011776346e-15,-0.5455901998163313,-0.5455901998163217,268.10119796747927,267.55560776766293,750.7,0.0,91.2840639157632,659.4159360842368,0.5455901998163217,0.0,0.0,0.0,0.0,0.0,independent_wat_flux_minus_additive_storage_delta
p1,7,-2.4778901153155175e-10,2.4778901153155175e-10,-0.3531228139441396,-0.3531228141919286,267.55560776766293,267.2024849537188,718.656296303368,0.0,95.89800008163374,622.7582962217341,0.3531228141920423,0.0,0.0,0.0,0.0,0.0,independent_wat_flux_minus_additive_storage_delta
p2,1,-1.050506195072586,1.050506195072586,-232.6756863202963,-233.7261925153689,372.3159799599493,139.64029363965298,1011.2,0.0,93.75848944941498,917.441510550585,181.773655226886,0.03515902198627612,0.0,29.811258578844058,22.10611968765255,0.0,independent_wat_flux_minus_additive_storage_delta
p2,2,-1.127986593019159e-13,1.127986593019159e-13,-3.785247867102896,-3.785247867103009,139.64029363965298,135.85504577255008,970.571889862038,0.0,87.40963838211141,883.1622514799267,3.7852478671028953,0.0,0.0,0.0,0.0,0.0,independent_wat_flux_minus_additive_storage_delta
p2,3,-1.2922996006636822e-13,1.2922996006636822e-13,-1.216044882771854,-1.2160448827719832,135.85504577255008,134.63900088977823,887.7584684293508,0.0,77.65144687972305,810.1070215496279,1.2160448827718695,0.0,0.0,0.0,0.0,0.0,independent_wat_flux_minus_additive_storage_delta
p2,4,-5.617728504603292e-14,5.617728504603292e-14,-0.5846991942489126,-0.5846991942489688,134.63900088977823,134.05430169552932,1132.0329750419444,0.0,102.08406391576321,1029.9489111261812,0.5846991942489688,0.0,0.0,0.0,0.0,0.0,independent_wat_flux_minus_additive_storage_delta
p2,5,1.6209256159527285e-14,1.6209256159527285e-14,-0.3454370382075638,-0.34543703820754756,134.05430169552932,133.70886465732175,810.4366666666667,0.0,95.57127668258909,714.8653899840776,0.34543703820754756,0.0,0.0,0.0,0.0,0.0,independent_wat_flux_minus_additive_storage_delta
p2,6,-4.6879167214797235e-14,4.6879167214797235e-14,-0.22860593238988258,-0.22860593238992946,133.70886465732175,133.48025872493187,750.7,0.0,91.2840639157632,659.4159360842368,0.22860593238992946,0.0,0.0,0.0,0.0,0.0,independent_wat_flux_minus_additive_storage_delta
p2,7,-1.733613252952182e-13,1.733613252952182e-13,-0.16296026113795392,-0.16296026113812728,133.48025872493187,133.31729846379392,732.0419084384423,0.0,95.99800008163375,636.0439083568086,0.1629602611380136,0.0,0.0,0.0,0.0,0.0,independent_wat_flux_minus_additive_storage_delta
p3,1,-0.9295536754838736,0.9295536754838736,-268.66462314504673,-269.5941768205306,554.8511975036711,286.18657435862434,1011.2,0.0,93.75848944941498,917.441510550585,256.445289389685,0.060587485096590496,0.0,13.08829994574899,0.0,0.0,independent_wat_flux_minus_additive_storage_delta
p3,2,-1.1191048088221578e-13,1.1191048088221578e-13,-12.30764165151777,-12.307641651517882,286.18657435862434,273.87893270710657,969.2162088031613,0.0,87.40963838211141,881.80657042105,12.307641651517768,0.0,0.0,0.0,0.0,0.0,independent_wat_flux_minus_additive_storage_delta
p3,3,-4.618527782440651e-14,4.618527782440651e-14,-3.6874649064527603,-3.6874649064528064,273.87893270710657,270.1914678006538,887.7191865995632,0.0,76.81423411289717,810.904952486666,3.6874649064526928,0.0,0.0,0.0,0.0,0.0,independent_wat_flux_minus_additive_storage_delta
p3,4,-5.995204332975845e-14,5.995204332975845e-14,-1.2921810567381158,-1.2921810567381757,270.1914678006538,268.8992867439157,1133.427937930609,0.0,102.08406391576321,1031.3438740148458,1.2921810567381757,0.0,0.0,0.0,0.0,0.0,independent_wat_flux_minus_additive_storage_delta
p3,5,3.630429290524262e-14,3.630429290524262e-14,-0.6406880423305097,-0.6406880423304734,268.8992867439157,268.2585987015852,810.4366666666667,0.0,95.48794334925576,714.9487233174109,0.6406880423305871,0.0,0.0,0.0,0.0,0.0,independent_wat_flux_minus_additive_storage_delta
p3,6,5.284661597215745e-14,5.284661597215745e-14,-0.3827154867948366,-0.38271548679478373,268.2585987015852,267.87588321479035,750.7,0.0,91.2840639157632,659.4159360842368,0.38271548679478373,0.0,0.0,0.0,0.0,0.0,independent_wat_flux_minus_additive_storage_delta
p3,7,-8.287814878826794e-14,8.287814878826794e-14,-0.25495664831123577,-0.25495664831131865,267.87588321479035,267.6209265664791,718.48202753806,0.0,95.06078731480784,623.4212402232523,0.25495664831120496,0.0,0.0,0.0,0.0,0.0,independent_wat_flux_minus_additive_storage_delta
p4,1,-1.0116601276414485,1.0116601276414485,-135.03625386317492,-136.04791399081637,372.3548262270944,237.3185723639195,1011.2,0.0,105.40370668500316,905.7962933149969,49.60245300711608,26.495725012496585,0.0,36.367888230608315,23.58184774059539,0.0,independent_wat_flux_minus_additive_storage_delta
p4,2,-1.2434497875801753e-13,1.2434497875801753e-13,-23.81116041997487,-23.811160419974993,237.3185723639195,213.50741194394462,1018.7669189072363,0.0,54.95845243133979,963.8084664758967,23.81116041997488,0.0,0.0,0.0,0.0,0.0,independent_wat_flux_minus_additive_storage_delta
p4,3,3.552713678800501e-15,3.552713678800501e-15,-8.744905803923842,-8.744905803923839,213.50741194394462,204.76250614002078,850.7645387621703,0.0,110.83686277676838,739.927675985402,8.744905803923839,0.0,0.0,0.0,0.0,0.0,independent_wat_flux_minus_additive_storage_delta
p4,4,-2.5934809855243657e-13,2.5934809855243657e-13,-5.999749770774059,-5.999749770774319,204.76250614002078,198.76275636924672,1120.8318756639264,0.0,65.96807771344166,1054.863797950485,5.999749770774091,0.0,0.0,0.0,0.0,0.0,independent_wat_flux_minus_additive_storage_delta
p4,5,-1.2168044349891716e-13,1.2168044349891716e-13,-4.429620560699988,-4.429620560700109,198.76275636924672,194.33313580854673,810.8785614794263,0.0,135.92984508358256,674.9487163958438,4.429620560699996,0.0,0.0,0.0,0.0,0.0,independent_wat_flux_minus_additive_storage_delta
p4,6,-4.796163466380676e-14,4.796163466380676e-14,-1.834431554592527,-1.834431554592575,194.33313580854673,192.4987042539542,750.2581051872405,0.0,54.43485064418687,695.8232545430536,1.834431554592575,0.0,0.0,0.0,0.0,0.0,independent_wat_flux_minus_additive_storage_delta
p4,7,-9.681144774731365e-14,9.681144774731365e-14,-3.6613740764404383,-3.661374076440535,192.4987042539542,188.83733017751376,747.2662421819563,0.0,87.48158350397877,659.7846586779776,3.6613740764404215,0.0,0.0,0.0,0.0,0.0,independent_wat_flux_minus_additive_storage_delta
p5,1,-1.018887066231855,1.018887066231855,-165.60402075676546,-166.62290782299732,605.7893716049139,440.1853508481484,1011.2,0.0,105.40370668500316,905.7962933149969,65.69865070702353,28.693241691712714,0.0,69.1764139594907,3.0546014647703634,0.0,independent_wat_flux_minus_additive_storage_delta
p5,2,1.7763568394002505e-14,1.7763568394002505e-14,-27.286100369025178,-27.28610036902516,440.1853508481484,412.8992504791232,1001.7579852588149,0.0,54.95845243133979,946.7995328274751,27.28610036902516,0.0,0.0,0.0,0.0,0.0,independent_wat_flux_minus_additive_storage_delta
p5,3,-5.5067062021407764e-14,5.5067062021407764e-14,-10.13602401390682,-10.136024013906875,412.8992504791232,402.7632264652164,865.3352589522027,0.0,110.83686277676838,754.4983961754343,10.136024013906875,0.0,0.0,0.0,0.0,0.0,independent_wat_flux_minus_additive_storage_delta
p5,4,-1.865174681370263e-14,1.865174681370263e-14,-6.3625222077236,-6.362522207723619,402.7632264652164,396.4007042574928,1123.2700891223158,0.0,65.96807771344166,1057.302011408874,6.362522207723619,0.0,0.0,0.0,0.0,0.0,independent_wat_flux_minus_additive_storage_delta
p5,5,7.638334409421077e-14,7.638334409421077e-14,-7.4628295104717495,-7.462829510471673,396.4007042574928,388.93787474702106,810.4366666666667,0.0,135.92984508358256,674.5068215830842,7.462829510471673,0.0,0.0,0.0,0.0,0.0,independent_wat_flux_minus_additive_storage_delta
p5,6,-1.0036416142611415e-13,1.0036416142611415e-13,-1.5872857735757293,-1.5872857735758297,388.93787474702106,387.3505889734453,750.7,0.0,54.43485064418687,696.2651493558133,1.587285773575716,0.0,0.0,0.0,0.0,0.0,independent_wat_flux_minus_additive_storage_delta
p5,7,-5.5067062021407764e-14,5.5067062021407764e-14,-6.560382523418809,-6.560382523418864,387.3505889734453,380.7902064500265,745.2527019176825,0.0,87.48158350397877,657.7711184137038,6.560382523418864,0.0,0.0,0.0,0.0,0.0,independent_wat_flux_minus_additive_storage_delta
p6,1,-1.0205883138462184,1.0205883138462184,-165.60232117662787,-166.6229094904741,605.7876703583436,440.1853491817157,1011.2,0.0,105.40370668500316,905.7962933149969,65.70129066592438,28.688402433571667,0.0,67.56293504261969,4.670281348358379,0.0,independent_wat_flux_minus_additive_storage_delta
p6,2,1.7408297026122455e-13,1.7408297026122455e-13,-27.286098851233078,-27.286098851232904,440.1853491817157,412.89925033048263,1001.8592149842091,0.0,54.95845243133979,946.9007625528692,27.286098851233017,0.0,0.0,0.0,0.0,0.0,independent_wat_flux_minus_additive_storage_delta
p6,3,2.4868995751603507e-14,2.4868995751603507e-14,-10.136023930343299,-10.136023930343274,412.89925033048263,402.76322640013933,865.2289744700549,0.0,110.83686277676838,754.3921116932866,10.136023930343274,0.0,0.0,0.0,0.0,0.0,independent_wat_flux_minus_additive_storage_delta
p6,4,-4.085620730620576e-14,4.085620730620576e-14,-6.3625221783984784,-6.362522178398519,402.76322640013933,396.40070422174085,1123.2751438790692,0.0,65.96807771344166,1057.3070661656275,6.362522178398519,0.0,0.0,0.0,0.0,0.0,independent_wat_flux_minus_additive_storage_delta
p6,5,-5.062616992290714e-14,5.062616992290714e-14,-7.462829500839348,-7.4628295008393986,396.40070422174085,388.9378747209015,810.4366666666667,0.0,135.92984508358256,674.5068215830842,7.4628295008393986,0.0,0.0,0.0,0.0,0.0,independent_wat_flux_minus_additive_storage_delta
p6,6,-1.8562928971732617e-13,1.8562928971732617e-13,-1.5872857699425253,-1.587285769942711,388.9378747209015,387.350588950959,750.7,0.0,54.43485064418687,696.2651493558133,1.5872857699425973,0.0,0.0,0.0,0.0,0.0,independent_wat_flux_minus_additive_storage_delta
p6,7,1.9539925233402755e-14,1.9539925233402755e-14,-6.560382519581992,-6.560382519581973,387.350588950959,380.790206431377,745.3278473787007,0.0,87.48158350397877,657.8462638747219,6.560382519581973,0.0,0.0,0.0,0.0,0.0,independent_wat_flux_minus_additive_storage_delta
p7,1,-1.0159893392631858,1.0159893392631858,-116.20970653024892,-117.22569586951211,554.764762086523,438.55505555627406,1011.2,0.0,105.40370668500316,905.7962933149968,65.48139216522527,31.388427141279006,0.0,20.211806861371667,0.144069701636265,0.0,independent_wat_flux_minus_additive_storage_delta
p7,2,-3.197442310920451e-14,3.197442310920451e-14,-27.099382489195477,-27.09938248919551,438.55505555627406,411.4556730670786,1000.8648388140774,0.0,54.95845243133979,945.9063863827378,27.099382371846005,1.1734939153632029e-07,0.0,0.0,0.0,0.0,independent_wat_flux_minus_additive_storage_delta
p7,3,-4.796163466380676e-14,4.796163466380676e-14,-9.915860447114198,-9.915860447114246,411.4556730670786,401.5398126199644,866.100003693434,0.0,110.83686277676838,755.2631409166656,9.915860447114246,0.0,0.0,0.0,0.0,0.0,independent_wat_flux_minus_additive_storage_delta
p7,4,-2.886579864025407e-13,2.886579864025407e-13,-6.3458571604470535,-6.345857160447342,401.5398126199644,395.1939554595173,1123.3984908258217,0.0,65.96807771344166,1057.4304131123802,6.345857160447115,0.0,0.0,0.0,0.0,0.0,independent_wat_flux_minus_additive_storage_delta
p7,5,-9.769962616701378e-15,9.769962616701378e-15,-7.670651236521621,-7.670651236521631,395.1939554595173,387.5233042229957,810.4366666666667,0.0,135.92984508358256,674.5068215830842,7.670651236521631,0.0,0.0,0.0,0.0,0.0,independent_wat_flux_minus_additive_storage_delta
p7,6,-9.547918011776346e-14,9.547918011776346e-14,-1.4283104949367953,-1.4283104949368908,387.5233042229957,386.0949937280589,750.7,0.0,54.43485064418687,696.2651493558133,1.428310494936777,0.0,0.0,0.0,0.0,0.0,independent_wat_flux_minus_additive_storage_delta
p7,7,-3.6415315207705135e-14,3.6415315207705135e-14,-6.50359240359893,-6.503592403598966,386.0949937280589,379.59140132446,745.1249836490715,0.0,87.48158350397877,657.6434001450928,6.503592403598966,0.0,0.0,0.0,0.0,0.0,independent_wat_flux_minus_additive_storage_delta
p8,1,-1.0159893283257588,1.0159893283257588,-145.0604071290938,-146.07639645741955,570.2082575490879,425.1478504199941,1011.2,0.0,105.40370668500316,905.7962933149969,66.14281168908023,30.220198591894743,0.0,47.64821241557277,2.065173760871799,0.0,independent_wat_flux_minus_additive_storage_delta
p8,2,2.1316282072803006e-14,2.1316282072803006e-14,-28.713026673058323,-28.7130266730583,425.1478504199941,396.43482374693576,1003.6530596651635,0.0,54.95845243133979,948.6946072338237,28.713026642981323,3.007697955416634e-08,0.0,0.0,0.0,0.0,independent_wat_flux_minus_additive_storage_delta
p8,3,7.815970093361102e-14,7.815970093361102e-14,-10.530914977386033,-10.530914977385955,396.43482374693576,385.90390876954973,863.7077733941456,0.0,110.83686277676838,752.8709106173771,10.530914977386068,0.0,0.0,0.0,0.0,0.0,independent_wat_flux_minus_additive_storage_delta
p8,4,-2.460254222569347e-13,2.460254222569347e-13,-6.429006017728511,-6.429006017728757,385.90390876954973,379.4749027518212,1123.002500274024,0.0,65.96807771344166,1057.0344225605825,6.42900601772853,0.0,0.0,0.0,0.0,0.0,independent_wat_flux_minus_additive_storage_delta
p8,5,-1.056932319443149e-13,1.056932319443149e-13,-7.743916204351365,-7.74391620435147,379.4749027518212,371.73098654746985,810.4366666666667,0.0,135.92984508358256,674.5068215830842,7.74391620435147,0.0,0.0,0.0,0.0,0.0,independent_wat_flux_minus_additive_storage_delta
p8,6,-4.8405723873656825e-14,4.8405723873656825e-14,-1.438409444873912,-1.4384094448739604,371.73098654746985,370.29257710259594,750.7,0.0,54.43485064418687,696.2651493558133,1.4384094448738467,0.0,0.0,0.0,0.0,0.0,independent_wat_flux_minus_additive_storage_delta
p8,7,2.6645352591003757e-14,2.6645352591003757e-14,-6.609553529607467,-6.609553529607441,370.29257710259594,363.6830235729885,745.4680396719049,0.0,87.48158350397877,657.9864561679261,6.609553529607441,0.0,0.0,0.0,0.0,0.0,independent_wat_flux_minus_additive_storage_delta
p9,1,-1.0159893392412869,1.0159893392412869,-116.20971576022299,-117.22570509946428,554.7647620865231,438.5550463263001,1011.2,0.0,105.40370668500316,905.7962933149969,65.48828178849618,31.391455417215926,0.0,19.19797406366286,1.1479938300893258,0.0,independent_wat_flux_minus_additive_storage_delta
p9,2,-7.105427357601002e-15,7.105427357601002e-15,-27.099374547365983,-27.09937454736599,438.5550463263001,411.4556717789341,998.899277832055,0.0,54.95845243133979,943.9408254007153,27.099374429828963,1.1753691458399409e-07,0.0,0.0,0.0,0.0,independent_wat_flux_minus_additive_storage_delta
p9,3,-7.105427357601002e-14,7.105427357601002e-14,-9.915859840692747,-9.915859840692818,411.4556717789341,401.53981193824137,867.8315547842599,0.0,110.83686277676838,756.9946920074916,9.915859840692704,0.0,0.0,0.0,0.0,0.0,independent_wat_flux_minus_additive_storage_delta
p9,4,-9.14823772291129e-14,9.14823772291129e-14,-6.345856898263605,-6.345856898263697,401.53981193824137,395.19395503997777,1123.6325007170185,0.0,65.96807771344166,1057.6644230035768,6.345856898263697,0.0,0.0,0.0,0.0,0.0,independent_wat_flux_minus_additive_storage_delta
p9,5,5.5067062021407764e-14,5.5067062021407764e-14,-7.67065111654415,-7.670651116544095,395.19395503997777,387.5233039234336,810.4366666666667,0.0,135.92984508358256,674.5068215830842,7.670651116544095,0.0,0.0,0.0,0.0,0.0,independent_wat_flux_minus_additive_storage_delta
p9,6,-2.4447111002245947e-13,2.4447111002245947e-13,-1.428310451211189,-1.4283104512114335,387.5233039234336,386.0949934722224,750.7,0.0,54.43485064418687,696.2651493558133,1.4283104512113198,0.0,0.0,0.0,0.0,0.0,independent_wat_flux_minus_additive_storage_delta
p9,7,1.1191048088221578e-13,1.1191048088221578e-13,-6.503592351307304,-6.5035923513071925,386.0949934722224,379.5914011209151,747.9000000000001,0.0,87.48158350397877,660.4184164960213,6.5035923513071925,0.0,0.0,0.0,0.0,0.0,independent_wat_flux_minus_additive_storage_delta
p10,1,-1.0159893357634502,1.0159893357634502,-116.20965503611603,-117.22564437187948,554.7647620865231,438.55510705040706,1011.2,0.0,105.40370668500316,905.7962933149969,65.44328387251193,31.383488519113897,0.0,20.125077558436665,0.2737944218169815,0.0,independent_wat_flux_minus_additive_storage_delta
p10,2,-1.5276668818842154e-13,1.5276668818842154e-13,-27.09942682731031,-27.099426827310463,438.55510705040706,411.45568022309675,1008.1992945227834,0.0,54.95845243133979,953.2408420914437,27.099426711006103,1.1630424495517737e-07,0.0,0.0,0.0,0.0,independent_wat_flux_minus_additive_storage_delta
p10,3,1.1723955140041653e-13,1.1723955140041653e-13,-9.915863788395768,-9.91586378839565,411.45568022309675,401.539816434701,859.7943062813584,0.0,110.83686277676838,748.95744350459,9.915863788395765,0.0,0.0,0.0,0.0,0.0,independent_wat_flux_minus_additive_storage_delta
p10,4,-7.194245199571014e-14,7.194245199571014e-14,-6.345858629850625,-6.345858629850697,401.539816434701,395.19395780485036,1122.3697325291914,0.0,65.96807771344166,1056.4016548157497,6.345858629850697,0.0,0.0,0.0,0.0,0.0,independent_wat_flux_minus_additive_storage_delta
p10,5,-1.0658141036401503e-14,1.0658141036401503e-14,-7.670651921010233,-7.6706519210102435,395.19395780485036,387.5233058838401,810.4366666666667,0.0,135.92984508358256,674.5068215830842,7.6706519210102435,0.0,0.0,0.0,0.0,0.0,independent_wat_flux_minus_additive_storage_delta
p10,6,-1.1235457009206584e-13,1.1235457009206584e-13,-1.4283107388901612,-1.4283107388902736,387.5233058838401,386.09499514494996,750.7,0.0,54.43485064418687,696.2651493558133,1.42831073889016,0.0,0.0,0.0,0.0,0.0,independent_wat_flux_minus_additive_storage_delta
p10,7,4.440892098500626e-15,4.440892098500626e-15,-6.503592696099474,-6.50359269609947,386.09499514494996,379.5914024488505,746.0417674195129,0.0,87.48158350397877,658.5601839155341,6.50359269609947,0.0,0.0,0.0,0.0,0.0,independent_wat_flux_minus_additive_storage_delta
p11,1,-0.9035028359780597,0.9035028359780597,-80.53460609698584,-81.4381089329639,554.8772486906744,474.34264259368854,1011.2,0.0,192.88904894713863,818.3109510528614,63.998988706363086,2.260420692800677,0.0,15.178699533800145,0.0,0.0,independent_wat_flux_minus_additive_storage_delta
p11,2,-3.9063853174425844e-07,3.9063853174425844e-07,-1.3600876857874482,-1.36008807642598,474.34264259368854,472.9825549079011,968.731245521288,0.0,218.41730796359093,750.3139375576972,1.360087689693855,0.0,0.0,3.8673201128760126e-07,0.0,0.0,independent_wat_flux_minus_additive_storage_delta
p11,3,-4.922045758748439e-07,4.922045758748439e-07,-0.4228080465091466,-0.4228085387137225,472.9825549079011,472.55974686139194,887.6338555954155,0.0,184.00099946526586,703.6328561301498,0.4228080465091483,0.0,0.0,4.922044604937595e-07,0.0,0.0,independent_wat_flux_minus_additive_storage_delta
p11,4,-5.35174556448581e-07,5.35174556448581e-07,-0.19100574472315657,-0.19100627989771302,472.55974686139194,472.3687411166688,1133.9982322166297,0.0,236.9648178539488,897.0334143626808,0.19100574081676885,0.0,0.0,5.390810578602875e-07,0.0,0.0,independent_wat_flux_minus_additive_storage_delta
p11,5,-4.849377142901456e-07,4.849377142901456e-07,-0.09409796415530991,-0.0940984490930242,472.3687411166688,472.2746431525135,810.4366666666667,0.0,230.69097844059849,579.7456882260683,0.09409793345204709,0.0,0.0,5.156409771100526e-07,0.0,0.0,independent_wat_flux_minus_additive_storage_delta
p11,6,-6.17207992173463e-07,6.17207992173463e-07,-0.06999764748803727,-0.06999826469602945,472.2746431525135,472.20464550502544,750.7,0.0,224.2343329635408,526.4656670364593,0.06999764358167881,0.0,0.0,6.211143506347031e-07,0.0,0.0,independent_wat_flux_minus_additive_storage_delta
p11,7,-5.664244623268533e-07,5.664244623268533e-07,-0.04757741590998421,-0.04757798233444654,472.20464550502544,472.15706808911546,715.9465897300581,0.0,223.09911604305506,492.84747368700306,0.04757741981638041,0.0,0.0,5.625180661261258e-07,0.0,0.0,independent_wat_flux_minus_additive_storage_delta
p12,1,-1.0159893467582606,1.0159893467582606,-116.2096421916687,-117.22563153842697,554.7647620865231,438.5551198948544,1011.2,0.0,105.40370668500316,905.7962933149968,65.43387341549214,31.386899396564704,0.0,19.967832387431187,0.4370263389390513,0.0,independent_wat_flux_minus_additive_storage_delta
p12,2,7.105427357601002e-15,7.105427357601002e-15,-27.099437784792713,-27.099437784792705,438.5551198948544,411.4556821100617,1009.2731923418612,0.0,54.95845243133979,954.3147399105214,27.099437668748493,1.1604421071754567e-07,0.0,0.0,0.0,0.0,independent_wat_flux_minus_additive_storage_delta
p12,3,1.2434497875801753e-14,1.2434497875801753e-14,-9.91586473414742,-9.915864734147407,411.4556821100617,401.53981737591425,858.8975326948682,0.0,110.83686277676838,748.0606699180998,9.915864734147407,0.0,0.0,0.0,0.0,0.0,independent_wat_flux_minus_additive_storage_delta
p12,4,-9.947598300641403e-14,9.947598300641403e-14,-6.34585899407864,-6.345858994078739,401.53981737591425,395.1939583818356,1122.1926082966038,0.0,65.96807771344166,1056.224530583162,6.345858994078739,0.0,0.0,0.0,0.0,0.0,independent_wat_flux_minus_additive_storage_delta
p12,5,3.4638958368304884e-14,3.4638958368304884e-14,-7.670652087709129,-7.670652087709095,395.1939583818356,387.5233062941265,810.4366666666667,0.0,135.92984508358256,674.5068215830842,7.670652087709095,0.0,0.0,0.0,0.0,0.0,independent_wat_flux_minus_additive_storage_delta
p12,6,-1.3100631690576847e-13,1.3100631690576847e-13,-1.4283107997032403,-1.4283107997033713,387.5233062941265,386.09499549442324,750.7,0.0,54.43485064418687,696.2651493558133,1.4283107997032576,0.0,0.0,0.0,0.0,0.0,independent_wat_flux_minus_additive_storage_delta
p12,7,-1.127986593019159e-13,1.127986593019159e-13,-6.503592768838416,-6.503592768838529,386.09499549442324,379.5914027255848,746.0990894746418,0.0,87.48158350397877,658.6175059706632,6.503592768838415,0.0,0.0,0.0,0.0,0.0,independent_wat_flux_minus_additive_storage_delta
p13,1,-1.015989327246075,1.015989327246075,-145.0603992076808,-146.07638853492688,570.2082575490879,425.1478583414071,1011.2,0.0,105.40370668500316,905.7962933149968,66.1371429255267,30.22162471902004,0.0,47.41932302202774,2.2982978683525044,0.0,independent_wat_flux_minus_additive_storage_delta
p13,2,5.3290705182007514e-14,5.3290705182007514e-14,-28.71303343613795,-28.713033436137895,425.1478583414071,396.4348249052691,1004.6710952586836,0.0,54.95845243133979,949.7126428273438,28.71303340609532,3.0042689009201534e-08,0.0,0.0,0.0,0.0,independent_wat_flux_minus_additive_storage_delta
p13,3,-1.4921397450962104e-13,1.4921397450962104e-13,-10.530915628041726,-10.530915628041875,396.4348249052691,385.9039092772274,862.8316356183949,0.0,110.83686277676838,751.9947728416266,10.530915628041761,0.0,0.0,0.0,0.0,0.0,independent_wat_flux_minus_additive_storage_delta
p13,4,-2.184918912462308e-13,2.184918912462308e-13,-6.429006257718129,-6.429006257718347,385.9039092772274,379.47490301950927,1122.8606024562546,0.0,65.96807771344166,1056.892524742813,6.42900625771812,0.0,0.0,0.0,0.0,0.0,independent_wat_flux_minus_additive_storage_delta
p13,5,-4.884981308350689e-14,4.884981308350689e-14,-7.743916292456845,-7.743916292456894,379.47490301950927,371.7309867270524,810.4366666666667,0.0,135.92984508358256,674.5068215830842,7.743916292456894,0.0,0.0,0.0,0.0,0.0,independent_wat_flux_minus_additive_storage_delta
p13,6,-1.6697754290362354e-13,1.6697754290362354e-13,-1.4384094749456153,-1.4384094749457823,371.7309867270524,370.2925772521068,750.7,0.0,54.43485064418687,696.2651493558133,1.4384094749456686,0.0,0.0,0.0,0.0,0.0,independent_wat_flux_minus_additive_storage_delta
p13,7,2.7533531010703882e-14,2.7533531010703882e-14,-6.609553563820498,-6.60955356382047,370.2925772521068,363.6830236882863,745.5913843511725,0.0,87.48158350397877,658.1098008471937,6.60955356382047,0.0,0.0,0.0,0.0,0.0,independent_wat_flux_minus_additive_storage_delta
p14,1,-1.0159893392874153,1.0159893392874153,-116.20973893580646,-117.22572827509387,554.7647620865231,438.55502315071664,1011.2,0.0,105.40370668500316,905.7962933149969,65.50567517643637,31.38582202961773,0.0,19.510044884288245,0.8241861847515202,0.0,independent_wat_flux_minus_additive_storage_delta
p14,2,1.7763568394002505e-13,1.7763568394002505e-13,-27.099354596383932,-27.099354596383755,438.55502315071664,411.4556685543327,996.1951279214078,0.0,54.95845243133979,941.2366754900679,27.099354478375457,1.1800841070971281e-07,0.0,0.0,0.0,0.0,independent_wat_flux_minus_additive_storage_delta
p14,3,-6.394884621840902e-14,6.394884621840902e-14,-9.915858317319419,-9.915858317319483,411.4556685543327,401.5398102370133,870.137425964879,0.0,110.83686277676838,759.3005631881106,9.915858317319483,0.0,0.0,0.0,0.0,0.0,independent_wat_flux_minus_additive_storage_delta
p14,4,-1.7763568394002505e-13,1.7763568394002505e-13,-6.345856239619877,-6.345856239620055,401.5398102370133,395.1939539973934,1124.0307794470464,0.0,65.96807771344166,1058.0627017336049,6.3458562396198275,0.0,0.0,0.0,0.0,0.0,independent_wat_flux_minus_additive_storage_delta
p14,5,-7.194245199571014e-14,7.194245199571014e-14,-7.670650815117995,-7.670650815118067,395.1939539973934,387.5233031822754,810.4366666666667,0.0,135.92984508358256,674.5068215830842,7.670650815118067,0.0,0.0,0.0,0.0,0.0,independent_wat_flux_minus_additive_storage_delta
p14,6,-1.474376176702208e-13,1.474376176702208e-13,-1.4283103413590084,-1.4283103413591558,387.5233031822754,386.0949928409164,750.7,0.0,54.43485064418687,696.2651493558133,1.4283103413590421,0.0,0.0,0.0,0.0,0.0,independent_wat_flux_minus_additive_storage_delta
p14,7,-4.796163466380676e-14,4.796163466380676e-14,-6.503592219924542,-6.50359221992459,386.0949928409164,379.59140062099186,744.6354857386591,0.0,87.48158350397877,657.1539022346803,6.50359221992459,0.0,0.0,0.0,0.0,0.0,independent_wat_flux_minus_additive_storage_delta
p15,1,-1.0159893362615549,1.0159893362615549,-116.20967117281981,-117.22566050908137,554.7647620865231,438.5550909137033,1011.2,0.0,105.40370668500316,905.7962933149969,65.455160207128,31.38606397071002,0.0,20.177731589205095,0.20670474203823533,0.0,independent_wat_flux_minus_additive_storage_delta
p15,2,-8.881784197001252e-14,8.881784197001252e-14,-27.099412934701434,-27.099412934701522,438.5550909137033,411.45567797900185,1006.3411175426304,0.0,54.95845243133979,951.3826651112906,27.099412818070157,1.1663136520943894e-07,0.0,0.0,0.0,0.0,independent_wat_flux_minus_additive_storage_delta
p15,3,-1.7763568394002505e-14,1.7763568394002505e-14,-9.915862727236401,-9.91586272723642,411.45567797900185,401.53981525176545,861.3987178677844,0.0,110.83686277676838,750.561855091016,9.91586272723642,0.0,0.0,0.0,0.0,0.0,independent_wat_flux_minus_additive_storage_delta
p15,4,-1.3322676295501878e-14,1.3322676295501878e-14,-6.345858171043233,-6.345858171043246,401.53981525176545,395.1939570807222,1122.6234979229184,0.0,65.96807771344166,1056.6554202094767,6.345858171043246,0.0,0.0,0.0,0.0,0.0,independent_wat_flux_minus_additive_storage_delta
p15,5,1.4210854715202004e-14,1.4210854715202004e-14,-7.6706517110552,-7.670651711055186,395.1939570807222,387.523305369667,810.4366666666667,0.0,135.92984508358256,674.5068215830842,7.670651711055186,0.0,0.0,0.0,0.0,0.0,independent_wat_flux_minus_additive_storage_delta
p15,6,-9.703349235223868e-14,9.703349235223868e-14,-1.4283106623634012,-1.4283106623634982,387.523305369667,386.0949947073036,750.7,0.0,54.43485064418687,696.2651493558133,1.4283106623633846,0.0,0.0,0.0,0.0,0.0,independent_wat_flux_minus_additive_storage_delta
p15,7,-7.283063041541027e-14,7.283063041541027e-14,-6.5035926045791825,-6.503592604579255,386.0949947073036,379.59140210272443,745.7863660972587,0.0,87.48158350397877,658.3047825932799,6.503592604579255,0.0,0.0,0.0,0.0,0.0,independent_wat_flux_minus_additive_storage_delta
p16,1,-1.0159893387989882,1.0159893387989882,-116.20971162917971,-117.2257009679787,554.7647620865231,438.5550504573434,1011.2,0.0,105.40370668500316,905.7962933149968,65.48519393566838,31.387520627212467,0.0,20.06948868214131,0.28349772295665604,0.0,independent_wat_flux_minus_additive_storage_delta
p16,2,-7.815970093361102e-14,7.815970093361102e-14,-27.099378104216783,-27.09937810421686,438.5550504573434,411.4556723531266,1000.6916265656508,0.0,54.95845243133979,945.7331741343112,27.099377986763713,1.1745303545118445e-07,0.0,0.0,0.0,0.0,independent_wat_flux_minus_additive_storage_delta
p16,3,-6.572520305780927e-14,6.572520305780927e-14,-9.915860112232679,-9.915860112232744,411.4556723531266,401.5398122408939,866.2322680881556,0.0,110.83686277676838,755.3954053113872,9.915860112232744,0.0,0.0,0.0,0.0,0.0,independent_wat_flux_minus_additive_storage_delta
p16,4,3.730349362740526e-14,3.730349362740526e-14,-6.345857015654417,-6.34585701565438,401.5398122408939,395.1939552252395,1123.4394386795268,0.0,65.96807771344166,1057.471360966085,6.34585701565438,0.0,0.0,0.0,0.0,0.0,independent_wat_flux_minus_additive_storage_delta
p16,5,-4.618527782440651e-14,4.618527782440651e-14,-7.670651170257713,-7.670651170257759,395.1939552252395,387.5233040549818,810.4366666666667,0.0,135.92984508358256,674.5068215830842,7.670651170257759,0.0,0.0,0.0,0.0,0.0,independent_wat_flux_minus_additive_storage_delta
p16,6,-4.929390229335695e-14,4.929390229335695e-14,-1.428310470787494,-1.4283104707875434,387.5233040549818,386.0949935841943,750.7,0.0,54.43485064418687,696.2651493558133,1.4283104707874297,0.0,0.0,0.0,0.0,0.0,independent_wat_flux_minus_additive_storage_delta
p16,7,-9.059419880941277e-14,9.059419880941277e-14,-6.503592374716675,-6.503592374716765,386.0949935841943,379.5914012094776,745.1971821228599,0.0,87.48158350397877,657.7155986188811,6.503592374716765,0.0,0.0,0.0,0.0,0.0,independent_wat_flux_minus_additive_storage_delta
p17,1,-1.015989342323806,1.015989342323806,-116.20967892756636,-117.22566826989016,554.7647620865231,438.55508315895673,1011.2,0.0,105.40370668500316,905.7962933149969,65.46089275490799,31.38672665117407,0.0,19.751746837524625,0.6263020262834862,0.0,independent_wat_flux_minus_additive_storage_delta
p17,2,3.552713678800501e-15,3.552713678800501e-15,-27.099406253351162,-27.09940625335116,438.55508315895673,411.45567690560557,1004.4985352332201,0.0,54.95845243133979,949.5400828018803,27.099406136562315,1.1678884276587406e-07,0.0,0.0,0.0,0.0,independent_wat_flux_minus_additive_storage_delta
p17,3,-5.684341886080802e-14,5.684341886080802e-14,-9.915862308703083,-9.91586230870314,411.45567690560557,401.5398145969025,863.0033155820563,0.0,110.83686277676838,752.1664528052879,9.91586230870314,0.0,0.0,0.0,0.0,0.0,independent_wat_flux_minus_additive_storage_delta
p17,4,6.661338147750939e-14,6.661338147750939e-14,-6.3458579356791915,-6.345857935679125,401.5398145969025,395.1939566612233,1122.8614825180568,0.0,65.96807771344166,1056.893404804615,6.345857935679125,0.0,0.0,0.0,0.0,0.0,independent_wat_flux_minus_additive_storage_delta
p17,5,-1.2967404927621828e-13,1.2967404927621828e-13,-7.670651582405753,-7.670651582405883,395.1939566612233,387.52330507881754,810.4366666666667,0.0,135.92984508358256,674.5068215830842,7.670651582405883,0.0,0.0,0.0,0.0,0.0,independent_wat_flux_minus_additive_storage_delta
p17,6,-7.016609515630989e-14,7.016609515630989e-14,-1.4283106246452348,-1.428310624645305,387.52330507881754,386.0949944541723,750.7,0.0,54.43485064418687,696.2651493558133,1.4283106246451913,0.0,0.0,0.0,0.0,0.0,independent_wat_flux_minus_additive_storage_delta
p17,7,-3.2862601528904634e-14,3.2862601528904634e-14,-6.503592558446826,-6.503592558446859,386.0949944541723,379.5914018957255,745.4600134835255,0.0,87.48158350397877,657.9784299795467,6.503592558446859,0.0,0.0,0.0,0.0,0.0,independent_wat_flux_minus_additive_storage_delta
p18,1,-1.015989350087736,1.015989350087736,-116.20972257084793,-117.22571192093567,554.7647620865231,438.55503951567516,1011.2,0.0,105.40370668500316,905.7962933149969,65.49338590410733,31.387913804729163,0.0,19.941315246631273,0.40309696546790175,0.0,independent_wat_flux_minus_additive_storage_delta
p18,2,1.3145040611561853e-13,1.3145040611561853e-13,-27.099368678524286,-27.099368678524154,438.55503951567516,411.4556708371509,998.8934862449414,0.0,54.95845243133979,943.9350338136015,27.09936856084852,1.1767574645276246e-07,0.0,0.0,0.0,0.0,independent_wat_flux_minus_additive_storage_delta
p18,3,-1.2079226507921703e-13,1.2079226507921703e-13,-9.915859392499897,-9.915859392500018,411.4556708371509,401.539811444651,867.7943073835987,0.0,110.83686277676838,756.9574446068304,9.915859392499904,0.0,0.0,0.0,0.0,0.0,independent_wat_flux_minus_additive_storage_delta
p18,4,-4.796163466380676e-14,4.796163466380676e-14,-6.3458567044799565,-6.3458567044800045,401.539811444651,395.193954740171,1123.6755397047932,0.0,65.96807771344166,1057.7074619913515,6.3458567044800045,0.0,0.0,0.0,0.0,0.0,independent_wat_flux_minus_additive_storage_delta
p18,5,-8.881784197001252e-15,8.881784197001252e-15,-7.670651027861595,-7.670651027861604,395.193954740171,387.5233037123094,810.4366666666667,0.0,135.92984508358256,674.5068215830842,7.670651027861604,0.0,0.0,0.0,0.0,0.0,independent_wat_flux_minus_additive_storage_delta
p18,6,-1.4699352846037073e-13,1.4699352846037073e-13,-1.4283104188908737,-1.4283104188910207,387.5233037123094,386.09499329341855,750.7,0.0,54.43485064418687,696.2651493558133,1.428310418890907,0.0,0.0,0.0,0.0,0.0,independent_wat_flux_minus_additive_storage_delta
p18,7,0.0,0.0,-6.503592312652529,-6.503592312652529,386.09499329341855,379.591400980766,744.9578408421023,0.0,87.48158350397877,657.4762573381236,6.503592312652529,0.0,0.0,0.0,0.0,0.0,independent_wat_flux_minus_additive_storage_delta
p19,1,-1.015989336286978,1.015989336286978,-116.209660691375,-117.22565002766198,554.7647620865232,438.5551013951482,1011.2,0.0,105.40370668500316,905.7962933149969,65.44744037450815,31.383885537748174,0.0,20.19714930446761,0.1971748109380514,0.0,independent_wat_flux_minus_additive_storage_delta
p19,2,-4.263256414560601e-14,4.263256414560601e-14,-27.099421957367838,-27.09942195736788,438.5551013951482,411.45567943778036,1007.4044861956147,0.0,54.95845243133979,952.446033764275,27.099421840949017,1.1641886449446709e-07,0.0,0.0,0.0,0.0,independent_wat_flux_minus_additive_storage_delta
p19,3,-5.5067062021407764e-14,5.5067062021407764e-14,-9.915863416405045,-9.9158634164051,411.45567943778036,401.5398160213753,860.4741326370527,0.0,110.83686277676838,749.6372698602843,9.9158634164051,0.0,0.0,0.0,0.0,0.0,independent_wat_flux_minus_additive_storage_delta
p19,4,-7.016609515630989e-14,7.016609515630989e-14,-6.34585846901831,-6.34585846901838,401.5398160213753,395.193957552357,1122.484714500666,0.0,65.96807771344166,1056.5166367872243,6.34585846901838,0.0,0.0,0.0,0.0,0.0,independent_wat_flux_minus_additive_storage_delta
p19,5,5.240252676230739e-14,5.240252676230739e-14,-7.670651847410795,-7.670651847410743,395.193957552357,387.5233057049462,810.4366666666667,0.0,135.92984508358256,674.5068215830842,7.670651847410743,0.0,0.0,0.0,0.0,0.0,independent_wat_flux_minus_additive_storage_delta
p19,6,-1.687538997430238e-13,1.687538997430238e-13,-1.4283107120643876,-1.4283107120645564,387.5233057049462,386.0949949928818,750.7,0.0,54.43485064418687,696.2651493558133,1.4283107120644427,0.0,0.0,0.0,0.0,0.0,independent_wat_flux_minus_additive_storage_delta
p19,7,-3.8191672047105385e-14,3.8191672047105385e-14,-6.503592664016594,-6.503592664016632,386.0949949928818,379.59140232886523,745.9518689741706,0.0,87.48158350397877,658.4702854701918,6.503592664016632,0.0,0.0,0.0,0.0,0.0,independent_wat_flux_minus_additive_storage_delta
p20,1,-0.9295536754840441,0.9295536754840441,-268.6636194083858,-269.59317308386983,554.851197503671,286.1875780952852,1011.2,0.0,93.75848944941498,917.441510550585,256.43194748472365,0.06096854385999842,0.0,13.100257055286171,0.0,0.0,independent_wat_flux_minus_additive_storage_delta
p20,2,-5.5067062021407764e-14,5.5067062021407764e-14,-12.308018631138282,-12.308018631138337,286.1875780952852,273.8795594641469,970.313542528088,0.0,87.40963838211141,882.9039041459766,12.308018631138223,0.0,0.0,0.0,0.0,0.0,independent_wat_flux_minus_additive_storage_delta
p20,3,-6.661338147750939e-14,6.661338147750939e-14,-3.687846517433968,-3.6878465174340347,273.8795594641469,270.1917129467129,886.7514265720721,0.0,77.43923411289717,809.3121924591749,3.6878465174340347,0.0,0.0,0.0,0.0,0.0,independent_wat_flux_minus_additive_storage_delta
p20,4,1.0369483049998962e-13,1.0369483049998962e-13,-1.2923099862377967,-1.292309986237693,270.1917129467129,268.89940296047513,1133.2983642331733,0.0,102.08406391576321,1031.21430031741,1.292309986237693,0.0,0.0,0.0,0.0,0.0,independent_wat_flux_minus_additive_storage_delta
p20,5,1.149080830487037e-13,1.149080830487037e-13,-0.640735220547981,-0.6407352205478661,268.89940296047513,268.25866773992715,810.4366666666667,0.0,95.48794334925576,714.9487233174109,0.6407352205479798,0.0,0.0,0.0,0.0,0.0,independent_wat_flux_minus_additive_storage_delta
p20,6,7.066569551739121e-14,7.066569551739121e-14,-0.3827381566516692,-0.38273815665159855,268.25866773992715,267.8759295832755,750.7,0.0,91.2840639157632,659.4159360842368,0.38273815665159855,0.0,0.0,0.0,0.0,0.0,independent_wat_flux_minus_additive_storage_delta
p20,7,-1.4788170688007085e-13,1.4788170688007085e-13,-0.25496939487129566,-0.25496939487144354,267.8759295832755,267.6209601884042,718.6394111378684,0.0,95.89800008163374,622.7414110562347,0.25496939487132986,0.0,0.0,0.0,0.0,0.0,independent_wat_flux_minus_additive_storage_delta
p21,1,-0.9605372203602087,0.9605372203602087,-314.5464888838136,-315.5070261041738,605.8477212794259,291.30123239561226,1011.2,0.0,93.75848944941498,917.4415105505851,260.44656705133957,0.044271436195354924,0.0,40.21147434158123,14.804713275057585,0.0,independent_wat_flux_minus_additive_storage_delta
p21,2,-8.348877145181177e-14,8.348877145181177e-14,-14.687637651840078,-14.687637651840161,291.30123239561226,276.6135947437722,970.4152036220121,0.0,87.40963838211141,883.0055652399008,14.687637651840047,0.0,0.0,0.0,0.0,0.0,independent_wat_flux_minus_additive_storage_delta
p21,3,7.460698725481052e-14,7.460698725481052e-14,-5.451423252409882,-5.451423252409807,276.6135947437722,271.1621714913623,886.6977026084501,0.0,77.43923411289717,809.258468495553,5.451423252409807,0.0,0.0,0.0,0.0,0.0,independent_wat_flux_minus_additive_storage_delta
p21,4,-1.1102230246251565e-13,1.1102230246251565e-13,-2.0956244729673585,-2.0956244729674696,271.1621714913623,269.06654701839494,1133.250427102871,0.0,102.08406391576321,1031.1663631871081,2.095624472967242,0.0,0.0,0.0,0.0,0.0,independent_wat_flux_minus_additive_storage_delta
p21,5,2.1316282072803006e-14,2.1316282072803006e-14,-0.959545257330717,-0.9595452573306957,269.06654701839494,268.1070017610642,810.4366666666667,0.0,95.48794334925576,714.9487233174109,0.9595452573308094,0.0,0.0,0.0,0.0,0.0,independent_wat_flux_minus_additive_storage_delta
p21,6,-3.907985046680551e-14,3.907985046680551e-14,-0.5477352101444808,-0.5477352101445199,268.1070017610642,267.55926655091974,750.7,0.0,91.2840639157632,659.4159360842369,0.5477352101444062,0.0,0.0,0.0,0.0,0.0,independent_wat_flux_minus_additive_storage_delta
p21,7,-1.9251267247000214e-13,1.9251267247000214e-13,-0.35425462205068925,-0.35425462205088176,267.55926655091974,267.20501192886906,718.6325953350363,0.0,95.89800008163374,622.7345952534026,0.3542546220507681,0.0,0.0,0.0,0.0,0.0,independent_wat_flux_minus_additive_storage_delta
p22,1,-1.015989330073296,1.015989330073296,-145.06040083767527,-146.07639016774857,570.2082575490879,425.1478567114126,1011.2,0.0,105.40370668500316,905.7962933149968,66.13830984795722,30.22068486091435,0.0,48.1785944649944,1.5388009938827234,0.0,independent_wat_flux_minus_additive_storage_delta
p22,2,4.973799150320701e-14,4.973799150320701e-14,-28.713032042697364,-28.713032042697314,425.1478567114126,396.43482466871524,1004.7232076869275,0.0,54.95845243133979,949.7647552555877,28.713032012647563,3.004975262737385e-08,0.0,0.0,0.0,0.0,independent_wat_flux_minus_additive_storage_delta
p22,3,5.5067062021407764e-14,5.5067062021407764e-14,-10.530915493982604,-10.53091549398255,396.43482466871524,385.90390917473263,862.7783690331314,0.0,110.83686277676838,751.941506256363,10.53091549398255,0.0,0.0,0.0,0.0,0.0,independent_wat_flux_minus_additive_storage_delta
p22,4,-6.750155989720952e-14,6.750155989720952e-14,-6.429006208271858,-6.429006208271925,385.90390917473263,379.4749029664608,1122.8617566132743,0.0,65.96807771344166,1056.8936788998326,6.429006208271925,0.0,0.0,0.0,0.0,0.0,independent_wat_flux_minus_additive_storage_delta
p22,5,-8.260059303211165e-14,8.260059303211165e-14,-7.743916274300432,-7.743916274300514,379.4749029664608,371.73098669216034,810.4366666666667,0.0,135.92984508358256,674.5068215830842,7.743916274300514,0.0,0.0,0.0,0.0,0.0,independent_wat_flux_minus_additive_storage_delta
p22,6,-9.481304630298837e-14,9.481304630298837e-14,-1.4384094687504216,-1.4384094687505165,371.73098669216034,370.2925772234099,750.7,0.0,54.43485064418687,696.2651493558133,1.4384094687504028,0.0,0.0,0.0,0.0,0.0,independent_wat_flux_minus_additive_storage_delta
p22,7,1.0658141036401503e-14,1.0658141036401503e-14,-6.60955355676839,-6.609553556768379,370.2925772234099,363.68302366664153,745.6245838619668,0.0,87.48158350397877,658.1430003579881,6.609553556768379,0.0,0.0,0.0,0.0,0.0,independent_wat_flux_minus_additive_storage_delta
p23,1,-1.015989327640341,1.015989327640341,-145.060424327168,-146.07641365480833,570.2082575490878,425.14783322191977,1011.2,0.0,105.40370668500316,905.7962933149969,66.15516641721928,30.22039165786974,0.0,47.209746170689854,2.4911094090294585,0.0,independent_wat_flux_minus_additive_storage_delta
p23,2,3.552713678800501e-15,3.552713678800501e-15,-28.71301198645108,-28.713011986451075,425.14783322191977,396.4348212354687,1001.6771315402674,0.0,54.95845243133979,946.7186791089276,28.713011956299567,3.0151507939693365e-08,0.0,0.0,0.0,0.0,independent_wat_flux_minus_additive_storage_delta
p23,3,-4.440892098500626e-14,4.440892098500626e-14,-10.530913564452703,-10.530913564452748,396.4348212354687,385.903907671016,865.4027022386722,0.0,110.83686277676838,754.5658394619038,10.530913564452748,0.0,0.0,0.0,0.0,0.0,independent_wat_flux_minus_additive_storage_delta
p23,4,-2.3092638912203256e-14,2.3092638912203256e-14,-6.429005496580885,-6.429005496580908,385.903907671016,379.4749021744351,1123.2834995543935,0.0,65.96807771344166,1057.3154218409518,6.429005496580908,0.0,0.0,0.0,0.0,0.0,independent_wat_flux_minus_additive_storage_delta
p23,5,5.240252676230739e-14,5.240252676230739e-14,-7.743916013044611,-7.743916013044559,379.4749021744351,371.7309861613905,810.4366666666667,0.0,135.92984508358256,674.5068215830842,7.743916013044559,0.0,0.0,0.0,0.0,0.0,independent_wat_flux_minus_additive_storage_delta
p23,6,-1.3100631690576847e-13,1.3100631690576847e-13,-1.4384093795699187,-1.4384093795700497,371.7309861613905,370.29257678182057,750.7,0.0,54.43485064418687,696.2651493558133,1.438409379569936,0.0,0.0,0.0,0.0,0.0,independent_wat_flux_minus_additive_storage_delta
p23,7,-1.6608936448392342e-13,1.6608936448392342e-13,-6.609553455326534,-6.6095534553267,370.29257678182057,363.68302332649404,745.2498239972813,0.0,87.48158350397877,657.7682404933026,6.609553455326586,0.0,0.0,0.0,0.0,0.0,independent_wat_flux_minus_additive_storage_delta
p24,1,-1.0159893360438872,1.0159893360438872,-116.20966310648475,-117.22565244252864,554.7647620865231,438.55509898003834,1011.2,0.0,105.40370668500316,905.7962933149969,65.44921618855653,31.387651227285815,0.0,20.154308446269017,0.23447658041728264,0.0,independent_wat_flux_minus_additive_storage_delta
p24,2,0.0,0.0,-27.099419879303184,-27.099419879303184,438.55509898003834,411.45567910073515,1007.1251621355418,0.0,54.95845243133979,952.166709704202,27.099419762835392,1.1646779045998789e-07,0.0,0.0,0.0,0.0,independent_wat_flux_minus_additive_storage_delta
p24,3,-5.684341886080802e-14,5.684341886080802e-14,-9.915863257673607,-9.915863257673664,411.45567910073515,401.53981584306155,860.7130665643108,0.0,110.83686277676838,749.8762037875424,9.915863257673664,0.0,0.0,0.0,0.0,0.0,independent_wat_flux_minus_additive_storage_delta
p24,4,-7.105427357601002e-14,7.105427357601002e-14,-6.345858400390057,-6.345858400390128,401.53981584306155,395.1939574426715,1122.5251046334806,0.0,65.96807771344166,1056.5570269200389,6.345858400390128,0.0,0.0,0.0,0.0,0.0,independent_wat_flux_minus_additive_storage_delta
p24,5,2.4868995751603507e-14,2.4868995751603507e-14,-7.670651816005147,-7.6706518160051225,395.1939574426715,387.52330562666634,810.4366666666667,0.0,135.92984508358256,674.5068215830842,7.6706518160051225,0.0,0.0,0.0,0.0,0.0,independent_wat_flux_minus_additive_storage_delta
p24,6,-1.5365486660812167e-13,1.5365486660812167e-13,-1.4283107006177147,-1.4283107006178684,387.52330562666634,386.0949949260486,750.7,0.0,54.43485064418687,696.2651493558133,1.4283107006177547,0.0,0.0,0.0,0.0,0.0,independent_wat_flux_minus_additive_storage_delta
p24,7,1.5987211554602254e-14,1.5987211554602254e-14,-6.503592650326652,-6.503592650326636,386.0949949260486,379.591402275722,745.9202998259767,0.0,87.48158350397877,658.438716321998,6.503592650326636,0.0,0.0,0.0,0.0,0.0,independent_wat_flux_minus_additive_storage_delta
p25,1,-0.9453843652503622,0.9453843652503622,-154.88114457173668,-155.82652893698705,615.0414820768092,460.1603375050725,1011.2,0.0,105.40370668500316,905.7962933149969,64.68894894390903,25.866241709655437,0.0,64.63675959315378,0.6345786902687993,0.0,independent_wat_flux_minus_additive_storage_delta
p25,2,3.197442310920451e-14,3.197442310920451e-14,-26.102850718956688,-26.102850718956656,460.1603375050725,434.0574867861158,1001.6776574951473,0.0,54.95845243133979,946.7192050638075,26.102850718956656,0.0,0.0,0.0,0.0,0.0,independent_wat_flux_minus_additive_storage_delta
p25,3,-4.973799150320701e-14,4.973799150320701e-14,-9.944442425121792,-9.944442425121842,434.0574867861158,424.113044360994,865.3866081326954,0.0,110.83686277676838,754.5497453559271,9.944442425121728,0.0,0.0,0.0,0.0,0.0,independent_wat_flux_minus_additive_storage_delta
p25,4,-8.881784197001252e-14,8.881784197001252e-14,-6.073921940441096,-6.073921940441185,424.113044360994,418.0391224205529,1123.2990677054904,0.0,65.96807771344166,1057.3309899920487,6.073921940441185,0.0,0.0,0.0,0.0,0.0,independent_wat_flux_minus_additive_storage_delta
p25,5,2.6645352591003757e-15,2.6645352591003757e-15,-7.457579449658226,-7.4575794496582235,418.0391224205529,410.5815429708947,810.4366666666667,0.0,135.92984508358256,674.5068215830842,7.4575794496582235,0.0,0.0,0.0,0.0,0.0,independent_wat_flux_minus_additive_storage_delta
p25,6,-1.6076029396572267e-13,1.6076029396572267e-13,-1.4374102223698628,-1.4374102223700236,410.5815429708947,409.14413274852484,750.7,0.0,54.43485064418687,696.2651493558133,1.43741022236991,0.0,0.0,0.0,0.0,0.0,independent_wat_flux_minus_additive_storage_delta
p25,7,6.217248937900877e-14,6.217248937900877e-14,-6.506645920378219,-6.506645920378157,409.14413274852484,402.6374868281466,745.2994351213671,0.0,87.48158350397877,657.8178516173883,6.506645920378157,0.0,0.0,0.0,0.0,0.0,independent_wat_flux_minus_additive_storage_delta
p26,1,-1.015989327237861,1.015989327237861,-145.06043672169977,-146.07642604893763,570.2082575490879,425.1478208273881,1011.2,0.0,105.40370668500316,905.7962933149968,66.16410662424485,30.21810115505594,0.0,45.88743589761387,3.8067823720230938,0.0,independent_wat_flux_minus_additive_storage_delta
p26,2,7.105427357601002e-15,7.105427357601002e-15,-28.71300140405077,-28.713001404050765,425.1478208273881,396.43481942333733,1000.6753975105185,0.0,54.95845243133979,945.7169450791787,28.7130013738455,3.020526323830758e-08,0.0,0.0,0.0,0.0,independent_wat_flux_minus_additive_storage_delta
p26,3,-1.1368683772161603e-13,1.1368683772161603e-13,-10.53091254638531,-10.530912546385423,396.43481942333733,385.903906876952,866.245487839966,0.0,110.83686277676838,755.4086250631976,10.530912546385423,0.0,0.0,0.0,0.0,0.0,independent_wat_flux_minus_additive_storage_delta
p26,4,-2.291500322826323e-13,2.291500322826323e-13,-6.429005121081104,-6.4290051210813335,385.903906876952,379.4749017558709,1123.4424479828488,0.0,65.96807771344166,1057.4743702694072,6.429005121081106,0.0,0.0,0.0,0.0,0.0,independent_wat_flux_minus_additive_storage_delta
p26,5,-6.750155989720952e-14,6.750155989720952e-14,-7.743915875203584,-7.743915875203651,379.4749017558709,371.73098588066733,810.4366666666666,0.0,135.92984508358256,674.5068215830842,7.7439158752035375,0.0,0.0,0.0,0.0,0.0,independent_wat_flux_minus_additive_storage_delta
p26,6,-1.8207657603852567e-13,1.8207657603852567e-13,-1.4384093325178924,-1.4384093325180745,371.73098588066733,370.29257654814944,750.7,0.0,54.43485064418687,696.2651493558133,1.4384093325179608,0.0,0.0,0.0,0.0,0.0,independent_wat_flux_minus_additive_storage_delta
p26,7,7.993605777301127e-15,7.993605777301127e-15,-6.609553401805272,-6.609553401805264,370.29257654814944,363.68302314634417,745.1940120418822,0.0,87.48158350397877,657.7124285379034,6.609553401805264,0.0,0.0,0.0,0.0,0.0,independent_wat_flux_minus_additive_storage_delta
p27,1,-1.0159893361235675,1.0159893361235675,-116.20969000886402,-117.22567934498758,554.7647620865231,438.5550720776591,1011.2,0.0,105.40370668500316,905.7962933149969,65.46909823020754,31.384694488781516,0.0,20.288580545582956,0.08330608041556906,0.0,independent_wat_flux_minus_additive_storage_delta
p27,2,0.0,0.0,-27.0993967173153,-27.0993967173153,438.5550720776591,411.4556753603438,1003.5338721813133,0.0,54.95845243133979,948.5754197499735,27.09939660030152,1.1701378007116861e-07,0.0,0.0,0.0,0.0,independent_wat_flux_minus_additive_storage_delta
p27,3,3.907985046680551e-14,3.907985046680551e-14,-9.915861580431908,-9.91586158043187,411.4556753603438,401.53981377991187,863.8034860391122,0.0,110.83686277676838,752.9666232623437,9.915861580431983,0.0,0.0,0.0,0.0,0.0,independent_wat_flux_minus_additive_storage_delta
p27,4,8.881784197001252e-14,8.881784197001252e-14,-6.345857620761478,-6.3458576207613895,401.53981377991187,395.1939561591504,1123.0259751129079,0.0,65.96807771344166,1057.0578973994661,6.3458576207613895,0.0,0.0,0.0,0.0,0.0,independent_wat_flux_minus_additive_storage_delta
p27,5,-7.283063041541027e-14,7.283063041541027e-14,-7.670651438276025,-7.6706514382760975,395.1939561591504,387.52330472087436,810.4366666666667,0.0,135.92984508358256,674.5068215830842,7.6706514382760975,0.0,0.0,0.0,0.0,0.0,independent_wat_flux_minus_additive_storage_delta
p27,6,-1.170175067954915e-13,1.170175067954915e-13,-1.42831057212112,-1.428310572121237,387.52330472087436,386.09499414875324,750.7,0.0,54.43485064418687,696.2651493558133,1.4283105721211233,0.0,0.0,0.0,0.0,0.0,independent_wat_flux_minus_additive_storage_delta
p27,7,8.881784197001252e-16,8.881784197001252e-16,-6.503592495628595,-6.503592495628594,386.09499414875324,379.59140165312465,745.475341625654,0.0,87.48158350397877,657.9937581216752,6.503592495628594,0.0,0.0,0.0,0.0,0.0,independent_wat_flux_minus_additive_storage_delta
p28,1,-1.0159893343072497,1.0159893343072497,-145.06041299515385,-146.0764023294611,570.2082575490878,425.1478445539339,1011.2,0.0,105.40370668500316,905.7962933149969,66.14701990368717,30.217690396753852,0.0,43.43813631002386,6.273555718996226,0.0,independent_wat_flux_minus_additive_storage_delta
p28,2,-4.263256414560601e-14,4.263256414560601e-14,-28.71302166240457,-28.713021662404614,425.1478445539339,396.43482289152934,1003.4910277548552,0.0,54.95845243133979,948.5325753235154,28.71302163230222,3.0102396741202726e-08,0.0,0.0,0.0,0.0,independent_wat_flux_minus_additive_storage_delta
p28,3,-8.881784197001252e-15,8.881784197001252e-15,-10.530914495330194,-10.530914495330203,396.43482289152934,385.90390839619914,863.8277605554665,0.0,110.83686277676838,752.9908977786981,10.530914495330203,0.0,0.0,0.0,0.0,0.0,independent_wat_flux_minus_additive_storage_delta
p28,4,-1.5987211554602254e-14,1.5987211554602254e-14,-6.429005839925935,-6.429005839925951,385.90390839619914,379.4749025562732,1123.0445450230116,0.0,65.96807771344166,1057.0764673095698,6.429005839925951,0.0,0.0,0.0,0.0,0.0,independent_wat_flux_minus_additive_storage_delta
p28,5,-3.2862601528904634e-14,3.2862601528904634e-14,-7.74391613908125,-7.743916139081283,379.4749025562732,371.73098641719196,810.4366666666667,0.0,135.92984508358256,674.5068215830842,7.743916139081283,0.0,0.0,0.0,0.0,0.0,independent_wat_flux_minus_additive_storage_delta
p28,6,-1.0347278589506459e-13,1.0347278589506459e-13,-1.438409422593793,-1.4384094225938964,371.73098641719196,370.29257699459816,750.7,0.0,54.43485064418687,696.2651493558133,1.4384094225937827,0.0,0.0,0.0,0.0,0.0,independent_wat_flux_minus_additive_storage_delta
p28,7,-8.881784197001252e-15,8.881784197001252e-15,-6.609553504264454,-6.609553504264463,370.29257699459816,363.6830234903337,745.5108961370886,0.0,87.48158350397877,658.0293126331098,6.609553504264463,0.0,0.0,0.0,0.0,0.0,independent_wat_flux_minus_additive_storage_delta
p29,1,-1.0159893360303442,1.0159893360303442,-116.20969110232556,-117.22568043835591,554.7647620865231,438.5550709841975,1011.2,0.0,105.40370668500316,905.7962933149969,65.46990910157426,31.384883882105672,0.0,20.1911318634925,0.17975559118347767,0.0,independent_wat_flux_minus_additive_storage_delta
p29,2,-2.842170943040401e-14,2.842170943040401e-14,-27.09939577671173,-27.09939577671176,438.5550709841975,411.4556752074858,1003.1822990102655,0.0,54.95845243133979,948.2238465789258,27.099395659675782,1.1703597832533134e-07,0.0,0.0,0.0,0.0,independent_wat_flux_minus_additive_storage_delta
p29,3,-1.1368683772161603e-13,1.1368683772161603e-13,-9.915861463740725,-9.915861463740839,411.4556752074858,401.53981374374507,864.1145883349542,0.0,110.83686277676838,753.2777255581859,9.915861463740725,0.0,0.0,0.0,0.0,0.0,independent_wat_flux_minus_additive_storage_delta
p29,4,1.9539925233402755e-14,1.9539925233402755e-14,-6.345857598637167,-6.3458575986371475,401.53981374374507,395.1939561451079,1123.0664459881136,0.0,65.96807771344166,1057.0983682746719,6.3458575986371475,0.0,0.0,0.0,0.0,0.0,independent_wat_flux_minus_additive_storage_delta
p29,5,3.375077994860476e-14,3.375077994860476e-14,-7.6706514369009255,-7.670651436900892,395.1939561451079,387.523304708207,810.4366666666667,0.0,135.92984508358256,674.5068215830842,7.670651436900892,0.0,0.0,0.0,0.0,0.0,independent_wat_flux_minus_additive_storage_delta
p29,6,-1.6209256159527285e-13,1.6209256159527285e-13,-1.4283105679939467,-1.4283105679941088,387.523304708207,386.09499414021303,750.7,0.0,54.43485064418687,696.2651493558133,1.4283105679939951,0.0,0.0,0.0,0.0,0.0,independent_wat_flux_minus_additive_storage_delta
p29,7,7.105427357601002e-15,7.105427357601002e-15,-6.503592490979486,-6.503592490979479,386.09499414021303,379.59140164923355,745.4062342041427,0.0,87.48158350397877,657.924650700164,6.503592490979479,0.0,0.0,0.0,0.0,0.0,independent_wat_flux_minus_additive_storage_delta
p30,1,-1.015989339972009,1.015989339972009,-116.20970815393099,-117.225697493903,554.7647620865231,438.5550539325921,1011.2,0.0,105.40370668500316,905.7962933149968,65.4826035488024,31.382722351093136,0.0,20.263976943928352,0.09639465007921384,0.0,independent_wat_flux_minus_additive_storage_delta
p30,2,3.552713678800501e-14,3.552713678800501e-14,-27.09938109123732,-27.099381091237284,438.5550539325921,411.4556728413548,1001.082678243355,0.0,54.95845243133979,946.1242258120151,27.099380973854966,1.1738242919780807e-07,0.0,0.0,0.0,0.0,independent_wat_flux_minus_additive_storage_delta
p30,3,8.881784197001252e-15,8.881784197001252e-15,-9.915860340351742,-9.915860340351733,411.4556728413548,401.53981250100304,865.8959731542756,0.0,110.83686277676838,755.0591103775073,9.91586034035162,0.0,0.0,0.0,0.0,0.0,independent_wat_flux_minus_additive_storage_delta
p30,4,-6.217248937900877e-15,6.217248937900877e-15,-6.345857114286559,-6.345857114286566,401.53981250100304,395.1939553867165,1123.3846819357027,0.0,65.96807771344166,1057.416604222261,6.345857114286566,0.0,0.0,0.0,0.0,0.0,independent_wat_flux_minus_additive_storage_delta
p30,5,-1.1368683772161603e-13,1.1368683772161603e-13,-7.670651215394173,-7.670651215394287,395.1939553867165,387.5233041713223,810.4366666666667,0.0,135.92984508358256,674.5068215830842,7.670651215394287,0.0,0.0,0.0,0.0,0.0,independent_wat_flux_minus_additive_storage_delta
p30,6,-3.175237850427948e-14,3.175237850427948e-14,-1.4283104872383205,-1.4283104872383523,387.5233041713223,386.094993684084,750.7,0.0,54.43485064418687,696.2651493558133,1.4283104872382386,0.0,0.0,0.0,0.0,0.0,independent_wat_flux_minus_additive_storage_delta
p30,7,-7.105427357601002e-15,7.105427357601002e-15,-6.503592394388647,-6.503592394388654,386.094993684084,379.59140128969534,745.2409003459788,0.0,87.48158350397877,657.7593168420001,6.503592394388654,0.0,0.0,0.0,0.0,0.0,independent_wat_flux_minus_additive_storage_delta
p31,1,-1.0159893464814616,1.0159893464814616,-116.20968810541382,-117.22567745189528,554.7647620865232,438.5550739811094,1011.2,0.0,105.40370668500316,905.7962933149969,65.46768646021476,31.384195404246828,0.0,20.0103422953448,0.3634532920888858,0.0,independent_wat_flux_minus_additive_storage_delta
p31,2,5.3290705182007514e-14,5.3290705182007514e-14,-27.09939835570742,-27.09939835570737,438.5550739811094,411.45567562540197,1004.1313315041966,0.0,54.95845243133979,949.1728790728569,27.09939823873225,1.169751187718869e-07,0.0,0.0,0.0,0.0,independent_wat_flux_minus_additive_storage_delta
p31,3,-9.947598300641403e-14,9.947598300641403e-14,-9.91586170555513,-9.91586170555523,411.45567562540197,401.53981391984684,863.2782032634773,0.0,110.83686277676838,752.4413404867089,9.91586170555523,0.0,0.0,0.0,0.0,0.0,independent_wat_flux_minus_additive_storage_delta
p31,4,3.552713678800501e-14,3.552713678800501e-14,-6.3458576748668065,-6.345857674866771,401.53981391984684,395.19395624498003,1122.9537985656593,0.0,65.96807771344166,1056.9857208522176,6.345857674866771,0.0,0.0,0.0,0.0,0.0,independent_wat_flux_minus_additive_storage_delta
p31,5,-3.375077994860476e-14,3.375077994860476e-14,-7.670651463038723,-7.670651463038757,395.19395624498003,387.5233047819413,810.4366666666667,0.0,135.92984508358256,674.5068215830842,7.670651463038757,0.0,0.0,0.0,0.0,0.0,independent_wat_flux_minus_additive_storage_delta
p31,6,-2.0761170560490427e-13,2.0761170560490427e-13,-1.4283105811450696,-1.4283105811452772,387.5233047819413,386.09499420079624,750.7,0.0,54.43485064418687,696.2651493558133,1.4283105811451635,0.0,0.0,0.0,0.0,0.0,independent_wat_flux_minus_additive_storage_delta
p31,7,6.572520305780927e-14,6.572520305780927e-14,-6.503592506421342,-6.503592506421276,386.09499420079624,379.5914016943749,745.5828559990232,0.0,87.48158350397877,658.1012724950444,6.503592506421276,0.0,0.0,0.0,0.0,0.0,independent_wat_flux_minus_additive_storage_delta
p32,1,-0.9295536754838736,0.9295536754838736,-268.6637881635067,-269.59334183899057,554.8511975036711,286.1874093401644,1011.2,0.0,93.75848944941498,917.441510550585,256.4341935078379,0.060876804804980006,0.0,13.098271526347684,0.0,0.0,independent_wat_flux_minus_additive_storage_delta
p32,2,1.616484723854228e-13,1.616484723854228e-13,-12.307956255515137,-12.307956255514975,286.1874093401644,273.87945308464924,969.8679441311631,0.0,87.40963838211141,882.4583057490515,12.307956255515089,0.0,0.0,0.0,0.0,0.0,independent_wat_flux_minus_additive_storage_delta
p32,3,2.398081733190338e-14,2.398081733190338e-14,-3.6877817840199327,-3.6877817840199087,273.87945308464924,270.1916713006293,887.1819631519083,0.0,76.81423411289717,810.3677290390112,3.6877817840199087,0.0,0.0,0.0,0.0,0.0,independent_wat_flux_minus_additive_storage_delta
p32,4,-2.162714451969805e-13,2.162714451969805e-13,-1.2922880891635486,-1.292288089163765,270.1916713006293,268.89938321146576,1133.3134260502618,0.0,102.08406391576321,1031.2293621344988,1.2922880891635375,0.0,0.0,0.0,0.0,0.0,independent_wat_flux_minus_additive_storage_delta
p32,5,7.37188088351104e-14,7.37188088351104e-14,-0.6407272240194288,-0.6407272240193551,268.89938321146576,268.25865598744633,810.4366666666667,0.0,95.48794334925576,714.9487233174109,0.6407272240194688,0.0,0.0,0.0,0.0,0.0,independent_wat_flux_minus_additive_storage_delta
p32,6,-6.38378239159465e-15,6.38378239159465e-15,-0.38273430454984236,-0.38273430454984875,268.25865598744633,267.8759216828965,750.7,0.0,91.2840639157632,659.4159360842368,0.38273430454984875,0.0,0.0,0.0,0.0,0.0,independent_wat_flux_minus_additive_storage_delta
p32,7,9.492406860545088e-15,9.492406860545088e-15,-0.25496722362942137,-0.2549672236294119,267.8759216828965,267.62095445926707,718.5598875164834,0.0,95.89800008163374,622.6618874348496,0.2549672236294119,0.0,0.0,0.0,0.0,0.0,independent_wat_flux_minus_additive_storage_delta
p33,1,-0.9454192685839473,0.9454192685839473,-154.88110900563595,-155.8265282742199,615.0414471742652,460.1603381686292,1011.2,0.0,105.40370668500316,905.7962933149969,64.68789734247352,25.86678481858938,0.0,63.983941492052416,1.2879046211045868,0.0,independent_wat_flux_minus_additive_storage_delta
p33,2,1.1013412404281553e-13,1.1013412404281553e-13,-26.10285132436269,-26.10285132436258,460.1603381686292,434.0574868442665,1001.8777544730991,0.0,54.95845243133979,946.9193020417592,26.102851324362693,0.0,0.0,0.0,0.0,0.0,independent_wat_flux_minus_additive_storage_delta
p33,3,-2.3092638912203256e-14,2.3092638912203256e-14,-9.94444245935108,-9.944442459351103,434.0574868442665,424.11304438491544,865.2129166531113,0.0,110.83686277676838,754.3760538763429,9.944442459351103,0.0,0.0,0.0,0.0,0.0,independent_wat_flux_minus_additive_storage_delta
p33,4,-2.788880237858393e-13,2.788880237858393e-13,-6.073921951608611,-6.07392195160889,424.11304438491544,418.03912243330683,1123.2726622071227,0.0,65.96807771344166,1057.3045844936812,6.073921951608662,0.0,0.0,0.0,0.0,0.0,independent_wat_flux_minus_additive_storage_delta
p33,5,-5.062616992290714e-14,5.062616992290714e-14,-7.457579453101914,-7.457579453101965,418.03912243330683,410.5815429802049,810.4366666666667,0.0,135.92984508358256,674.5068215830842,7.457579453101965,0.0,0.0,0.0,0.0,0.0,independent_wat_flux_minus_additive_storage_delta
p33,6,-7.771561172376096e-14,7.771561172376096e-14,-1.4374102235506143,-1.437410223550692,410.5815429802049,409.1441327566543,750.7,0.0,54.43485064418687,696.2651493558133,1.4374102235505783,0.0,0.0,0.0,0.0,0.0,independent_wat_flux_minus_additive_storage_delta
p33,7,7.105427357601002e-15,7.105427357601002e-15,-6.506645921669929,-6.5066459216699215,409.1441327566543,402.6374868349844,745.3299140535146,0.0,87.48158350397877,657.8483305495358,6.5066459216699215,0.0,0.0,0.0,0.0,0.0,independent_wat_flux_minus_additive_storage_delta
p34,1,-1.0249752317787966,1.0249752317787966,-165.59792105660233,-166.62289628838113,605.7832834438436,440.1853623872413,1011.2,0.0,105.40370668500316,905.7962933149968,65.6803752001159,28.699581723882932,0.0,63.89454947226454,8.348389892117867,0.0,independent_wat_flux_minus_additive_storage_delta
p34,2,8.171241461241152e-14,8.171241461241152e-14,-27.286110921178988,-27.286110921178906,440.1853623872413,412.8992514660623,1004.7100614600959,0.0,54.95845243133979,949.7516090287561,27.286110921178906,0.0,0.0,0.0,0.0,0.0,independent_wat_flux_minus_additive_storage_delta
p34,3,9.592326932761353e-14,9.592326932761353e-14,-10.136024594854518,-10.136024594854423,412.8992514660623,402.7632268712078,862.8001174996092,0.0,110.83686277676838,751.9632547228407,10.136024594854536,0.0,0.0,0.0,0.0,0.0,independent_wat_flux_minus_additive_storage_delta
p34,4,-5.950795411990839e-14,5.950795411990839e-14,-6.362522411630607,-6.362522411630667,402.7632268712078,396.4007044595772,1122.8531543736283,0.0,65.96807771344166,1056.8850766601865,6.362522411630667,0.0,0.0,0.0,0.0,0.0,independent_wat_flux_minus_additive_storage_delta
p34,5,-2.842170943040401e-14,2.842170943040401e-14,-7.462829577424031,-7.46282957742406,396.4007044595772,388.93787488215315,810.4366666666667,0.0,135.92984508358256,674.5068215830842,7.46282957742406,0.0,0.0,0.0,0.0,0.0,independent_wat_flux_minus_additive_storage_delta
p34,6,-1.5765166949677223e-14,1.5765166949677223e-14,-1.5872857988443343,-1.58728579884435,388.93787488215315,387.3505890833088,750.7,0.0,54.43485064418687,696.2651493558133,1.5872857988442364,0.0,0.0,0.0,0.0,0.0,independent_wat_flux_minus_additive_storage_delta
p34,7,-1.1723955140041653e-13,1.1723955140041653e-13,-6.560382550093834,-6.560382550093951,387.3505890833088,380.790206533215,745.5897466751451,0.0,87.48158350397877,658.1081631711663,6.560382550093951,0.0,0.0,0.0,0.0,0.0,independent_wat_flux_minus_additive_storage_delta
p35,1,-0.9454072244549536,0.9454072244549536,-154.88112647523582,-155.82653369969077,615.0414592179765,460.16033274274065,1011.2,0.0,105.40370668500316,905.7962933149968,64.69654481322556,25.86657639945345,0.0,64.19884437073542,1.064568116276458,0.0,independent_wat_flux_minus_additive_storage_delta
p35,2,9.592326932761353e-14,9.592326932761353e-14,-26.102846352793335,-26.10284635279324,460.16033274274065,434.0574863899473,1000.2755597356128,0.0,54.95845243133979,945.3171073042729,26.102846352793353,0.0,0.0,0.0,0.0,0.0,independent_wat_flux_minus_additive_storage_delta
p35,3,3.552713678800501e-14,3.552713678800501e-14,-9.944442178264069,-9.944442178264033,434.0574863899473,424.11304421168325,866.6066618618449,0.0,110.83686277676838,755.7697990850766,9.944442178264033,0.0,0.0,0.0,0.0,0.0,independent_wat_flux_minus_additive_storage_delta
p35,4,-3.4638958368304884e-14,3.4638958368304884e-14,-6.073921859905681,-6.073921859905716,424.11304421168325,418.03912235177756,1123.4811117358754,0.0,65.96807771344166,1057.5130340224337,6.073921859905716,0.0,0.0,0.0,0.0,0.0,independent_wat_flux_minus_additive_storage_delta
p35,5,-2.930988785010413e-14,2.930988785010413e-14,-7.4575794248153215,-7.457579424815351,418.03912235177756,410.58154292696224,810.4366666666667,0.0,135.92984508358256,674.5068215830842,7.457579424815351,0.0,0.0,0.0,0.0,0.0,independent_wat_flux_minus_additive_storage_delta
p35,6,-8.992806499463768e-14,8.992806499463768e-14,-1.4374102138567082,-1.4374102138567981,410.58154292696224,409.14413271310553,750.7,0.0,54.43485064418687,696.2651493558133,1.4374102138566844,0.0,0.0,0.0,0.0,0.0,independent_wat_flux_minus_additive_storage_delta
p35,7,-1.900701818158268e-13,1.900701818158268e-13,-6.506645911057944,-6.5066459110581345,409.14413271310553,402.6374868020476,745.0926384937575,0.0,87.48158350397877,657.6110549897788,6.506645911058021,0.0,0.0,0.0,0.0,0.0,independent_wat_flux_minus_additive_storage_delta
p36,1,-1.0209106958297411,1.0209106958297411,-165.6019973016492,-166.62290799747893,605.7873479761257,440.1853506744765,1011.2,0.0,105.40370668500316,905.7962933149969,65.69891540355542,28.689570952991854,0.0,67.27093563080827,4.963486010123415,0.0,independent_wat_flux_minus_additive_storage_delta
p36,2,-4.973799150320701e-14,4.973799150320701e-14,-27.28610021677713,-27.28610021677718,440.1853506744765,412.8992504576994,1002.2551864737914,0.0,54.95845243133979,947.2967340424516,27.28610021677718,0.0,0.0,0.0,0.0,0.0,independent_wat_flux_minus_additive_storage_delta
p36,3,-1.7763568394002505e-15,1.7763568394002505e-15,-10.13602400552162,-10.136024005521621,412.8992504576994,402.7632264521778,864.8888163776153,0.0,110.83686277676838,754.0519536008469,10.136024005521621,0.0,0.0,0.0,0.0,0.0,independent_wat_flux_minus_additive_storage_delta
p36,4,6.217248937900877e-15,6.217248937900877e-15,-6.362522204784625,-6.362522204784619,402.7632264521778,396.40070424739315,1123.2193304819266,0.0,65.96807771344166,1057.2512527684848,6.362522204784619,0.0,0.0,0.0,0.0,0.0,independent_wat_flux_minus_additive_storage_delta
p36,5,-5.329070518200751e-15,5.329070518200751e-15,-7.4628295095042745,-7.46282950950428,396.40070424739315,388.9378747378889,810.4366666666667,0.0,135.92984508358256,674.5068215830842,7.46282950950428,0.0,0.0,0.0,0.0,0.0,independent_wat_flux_minus_additive_storage_delta
p36,6,-1.0458300891968975e-13,1.0458300891968975e-13,-1.5872857732122156,-1.5872857732123202,388.9378747378889,387.35058896467666,750.7,0.0,54.43485064418687,696.2651493558133,1.5872857732122065,0.0,0.0,0.0,0.0,0.0,independent_wat_flux_minus_additive_storage_delta
p36,7,-5.1514348342607263e-14,5.1514348342607263e-14,-6.560382523034207,-6.560382523034258,387.35058896467666,380.79020644164245,745.3722162924341,0.0,87.48158350397877,657.8906327884554,6.560382523034258,0.0,0.0,0.0,0.0,0.0,independent_wat_flux_minus_additive_storage_delta
p37,1,-1.0247044020917713,1.0247044020917713,-165.59820415959757,-166.62290856168934,605.7835542712289,440.18535011163135,1011.2,0.0,105.40370668500316,905.7962933149969,65.69981021900571,28.693067427739646,0.0,64.09383144485871,8.136199470085279,0.0,independent_wat_flux_minus_additive_storage_delta
p37,2,-4.263256414560601e-14,4.263256414560601e-14,-27.286099702184515,-27.286099702184558,440.18535011163135,412.89925040944684,1001.3961909307109,0.0,54.95845243133979,946.4377384993711,27.286099702184558,0.0,0.0,0.0,0.0,0.0,independent_wat_flux_minus_additive_storage_delta
p37,3,3.197442310920451e-14,3.197442310920451e-14,-10.13602397719518,-10.136023977195148,412.89925040944684,402.76322643225166,865.6521046754276,0.0,110.83686277676838,754.8152418986592,10.136023977195148,0.0,0.0,0.0,0.0,0.0,independent_wat_flux_minus_additive_storage_delta
p37,4,-2.7355895326763857e-13,2.7355895326763857e-13,-6.362522194838675,-6.362522194838949,402.76322643225166,396.400704237413,1123.3150377271947,0.0,65.96807771344166,1057.3469600137532,6.362522194838721,0.0,0.0,0.0,0.0,0.0,independent_wat_flux_minus_additive_storage_delta
p37,5,-4.263256414560601e-14,4.263256414560601e-14,-7.462829506239757,-7.4628295062398,396.400704237413,388.9378747311732,810.4366666666667,0.0,135.92984508358256,674.5068215830842,7.4628295062398,0.0,0.0,0.0,0.0,0.0,independent_wat_flux_minus_additive_storage_delta
p37,6,-1.3500311979441904e-13,1.3500311979441904e-13,-1.5872857719791682,-1.5872857719793032,388.9378747311732,387.35058895919406,750.7,0.0,54.43485064418687,696.2651493558133,1.5872857719791895,0.0,0.0,0.0,0.0,0.0,independent_wat_flux_minus_additive_storage_delta
p37,7,1.0746958878371515e-13,1.0746958878371515e-13,-6.560382521734198,-6.56038252173409,387.35058895919406,380.79020643745986,745.1930877648414,0.0,87.48158350397877,657.7115042608626,6.56038252173409,0.0,0.0,0.0,0.0,0.0,independent_wat_flux_minus_additive_storage_delta
p38,1,-0.9453746555410305,0.9453746555410305,-154.88115068301283,-155.82652533855386,615.0414917863835,460.1603411033707,1011.2,0.0,105.40370668500316,905.7962933149969,64.68322299483307,25.869885064553195,0.0,64.8244388089245,0.44897847024310594,0.0,independent_wat_flux_minus_additive_storage_delta
p38,2,-1.1368683772161603e-13,1.1368683772161603e-13,-26.102854018129733,-26.102854018129847,460.1603411033707,434.05748708524095,1002.2172231250023,0.0,54.95845243133979,947.2587706936627,26.102854018129733,0.0,0.0,0.0,0.0,0.0,independent_wat_flux_minus_additive_storage_delta
p38,3,-1.4033219031261979e-13,1.4033219031261979e-13,-9.944442611655518,-9.944442611655658,434.05748708524095,424.11304447358543,864.9293292836476,0.0,110.83686277676838,754.0924665068793,9.944442611655544,0.0,0.0,0.0,0.0,0.0,independent_wat_flux_minus_additive_storage_delta
p38,4,-2.5757174171303632e-14,2.5757174171303632e-14,-6.073922001297433,-6.073922001297459,424.11304447358543,418.039122472288,1123.2167809246832,0.0,65.96807771344166,1057.2487032112415,6.073922001297459,0.0,0.0,0.0,0.0,0.0,independent_wat_flux_minus_additive_storage_delta
p38,5,1.3322676295501878e-14,1.3322676295501878e-14,-7.45757946842906,-7.457579468429047,418.039122472288,410.58154300385894,810.4366666666667,0.0,135.92984508358256,674.5068215830842,7.457579468429047,0.0,0.0,0.0,0.0,0.0,independent_wat_flux_minus_additive_storage_delta
p38,6,-1.9118040484045196e-13,1.9118040484045196e-13,-1.4374102288031168,-1.437410228803308,410.58154300385894,409.1441327750558,750.7,0.0,54.43485064418687,696.2651493558133,1.4374102288031942,0.0,0.0,0.0,0.0,0.0,independent_wat_flux_minus_additive_storage_delta
p38,7,1.5987211554602254e-14,1.5987211554602254e-14,-6.5066459274189015,-6.5066459274188855,409.1441327750558,402.6374868476369,745.3407801032722,0.0,87.48158350397877,657.8591965992935,6.5066459274188855,0.0,0.0,0.0,0.0,0.0,independent_wat_flux_minus_additive_storage_delta
p39,1,-1.0200276052811148,1.0200276052811148,-165.60288064434678,-166.6229082496279,605.788231067769,440.18535042342216,1011.2,0.0,105.40370668500316,905.7962933149969,65.69931785511508,28.689503321109726,0.0,68.08299822922262,4.1510888441804505,0.0,independent_wat_flux_minus_additive_storage_delta
p39,2,7.105427357601002e-15,7.105427357601002e-15,-27.286099985316866,-27.28609998531686,440.18535042342216,412.8992504381053,1002.0809164755467,0.0,54.95845243133979,947.1224640442069,27.28609998531686,0.0,0.0,0.0,0.0,0.0,independent_wat_flux_minus_additive_storage_delta
p39,3,-7.283063041541027e-14,7.283063041541027e-14,-10.13602399277903,-10.136023992779103,412.8992504381053,402.76322644532627,865.0415246144032,0.0,110.83686277676838,754.2046618376348,10.136023992779103,0.0,0.0,0.0,0.0,0.0,independent_wat_flux_minus_additive_storage_delta
p39,4,2.4868995751603507e-14,2.4868995751603507e-14,-6.36252220031264,-6.362522200312615,402.76322644532627,396.4007042450136,1123.2408922433833,0.0,65.96807771344166,1057.2728145299416,6.362522200312615,0.0,0.0,0.0,0.0,0.0,independent_wat_flux_minus_additive_storage_delta
p39,5,-3.552713678800501e-15,3.552713678800501e-15,-7.462829508034076,-7.46282950803408,396.4007042450136,388.93787473697955,810.4366666666667,0.0,135.92984508358256,674.5068215830842,7.46282950803408,0.0,0.0,0.0,0.0,0.0,independent_wat_flux_minus_additive_storage_delta
p39,6,-1.5076828674409626e-13,1.5076828674409626e-13,-1.5872857726582765,-1.5872857726584273,388.93787473697955,387.3505889643213,750.7,0.0,54.43485064418687,696.2651493558133,1.5872857726583136,0.0,0.0,0.0,0.0,0.0,independent_wat_flux_minus_additive_storage_delta
p39,7,5.240252676230739e-14,5.240252676230739e-14,-6.560382522448322,-6.560382522448269,387.3505889643213,380.79020644187295,745.34091947651,0.0,87.48158350397877,657.8593359725312,6.560382522448269,0.0,0.0,0.0,0.0,0.0,independent_wat_flux_minus_additive_storage_delta
p40,1,-0.9455440664389698,0.9455440664389698,-154.8809711857636,-155.82651525220257,615.0413223770781,460.16035119131453,1011.2,0.0,105.40370668500316,905.7962933149969,64.6660844013551,25.87978206290054,0.0,61.82049541394942,3.4601533739974863,0.0,independent_wat_flux_minus_additive_storage_delta
p40,2,-1.4210854715202004e-14,1.4210854715202004e-14,-26.102863257542765,-26.10286325754278,460.16035119131453,434.05748793377177,1004.4685386821358,0.0,54.95845243133979,949.510086250796,26.10286325754278,0.0,0.0,0.0,0.0,0.0,independent_wat_flux_minus_additive_storage_delta
p40,3,-4.618527782440651e-14,4.618527782440651e-14,-9.944443134061089,-9.944443134061135,434.05748793377177,424.1130447997107,862.9951877764304,0.0,110.83686277676838,752.158324999662,9.944443134061135,0.0,0.0,0.0,0.0,0.0,independent_wat_flux_minus_additive_storage_delta
p40,4,-2.708944180085382e-13,2.708944180085382e-13,-6.073922171734353,-6.0739221717346235,424.1130447997107,418.0391226279763,1122.899606874767,0.0,65.96807771344166,1056.9315291613254,6.073922171734396,0.0,0.0,0.0,0.0,0.0,independent_wat_flux_minus_additive_storage_delta
p40,5,-4.3520742565306136e-14,4.3520742565306136e-14,-7.457579521003481,-7.457579521003525,418.0391226279763,410.58154310697284,810.4366666666667,0.0,135.92984508358256,674.5068215830842,7.457579521003525,0.0,0.0,0.0,0.0,0.0,independent_wat_flux_minus_additive_storage_delta
p40,6,-1.354472090042691e-13,1.354472090042691e-13,-1.437410246820491,-1.4374102468206265,410.58154310697284,409.14413286015235,750.7,0.0,54.43485064418687,696.2651493558133,1.4374102468205128,0.0,0.0,0.0,0.0,0.0,independent_wat_flux_minus_additive_storage_delta
p40,7,6.128431095930864e-14,6.128431095930864e-14,-6.506645947143511,-6.50664594714345,409.14413286015235,402.63748691300884,745.6010708915874,0.0,87.48158350397877,658.1194873876086,6.50664594714345,0.0,0.0,0.0,0.0,0.0,independent_wat_flux_minus_additive_storage_delta
p41,1,-1.0176986983097436,1.0176986983097436,-165.6052087361084,-166.62290743441815,605.790559972859,440.1853512367506,1011.2,0.0,105.40370668500316,905.7962933149969,65.69803194660933,28.690026662563312,0.0,70.38301138340665,1.85183744183884,0.0,independent_wat_flux_minus_additive_storage_delta
p41,2,-1.9539925233402755e-13,1.9539925233402755e-13,-27.28610072500311,-27.286100725003305,440.1853512367506,412.8992505117475,1002.3970263812566,0.0,54.95845243133979,947.438573949917,27.28610072500319,0.0,0.0,0.0,0.0,0.0,independent_wat_flux_minus_additive_storage_delta
p41,3,-1.0658141036401503e-14,1.0658141036401503e-14,-10.13602403349961,-10.13602403349962,412.8992505117475,402.7632264782479,864.7669165698362,0.0,110.83686277676838,753.9300537930678,10.13602403349962,0.0,0.0,0.0,0.0,0.0,independent_wat_flux_minus_additive_storage_delta
p41,4,2.3092638912203256e-14,2.3092638912203256e-14,-6.3625222146033025,-6.362522214603279,402.7632264782479,396.40070426364457,1123.1993903822404,0.0,65.96807771344166,1057.2313126687986,6.362522214603279,0.0,0.0,0.0,0.0,0.0,independent_wat_flux_minus_additive_storage_delta
p41,5,-2.3092638912203256e-14,2.3092638912203256e-14,-7.46282951273264,-7.462829512732663,396.40070426364457,388.93787475091193,810.4366666666667,0.0,135.92984508358256,674.5068215830842,7.462829512732663,0.0,0.0,0.0,0.0,0.0,independent_wat_flux_minus_additive_storage_delta
p41,6,-5.81756864903582e-14,5.81756864903582e-14,-1.587285774428267,-1.587285774428325,388.93787475091193,387.35058897648366,750.7,0.0,54.43485064418687,696.2651493558133,1.5872857744282114,0.0,0.0,0.0,0.0,0.0,independent_wat_flux_minus_additive_storage_delta
p41,7,-4.085620730620576e-14,4.085620730620576e-14,-6.560382524316992,-6.560382524317033,387.35058897648366,380.7902064521667,745.3881114820845,0.0,87.48158350397877,657.9065279781057,6.560382524317033,0.0,0.0,0.0,0.0,0.0,independent_wat_flux_minus_additive_storage_delta
p42,1,-0.9454097502477907,0.9454097502477907,-154.88111951733816,-155.82652926758595,615.0414566924712,460.16033717513307,1011.2,0.0,105.40370668500316,905.7962933149969,64.68947493007457,25.865908947252898,0.0,64.15931165961013,1.1118337306483603,0.0,independent_wat_flux_minus_additive_storage_delta
p42,2,-1.5631940186722204e-13,1.5631940186722204e-13,-26.1028504162353,-26.102850416235455,460.16033717513307,434.05748675889777,1001.6341364791946,0.0,54.95845243133979,946.6756840478549,26.10285041623534,0.0,0.0,0.0,0.0,0.0,independent_wat_flux_minus_additive_storage_delta
p42,3,-1.2434497875801753e-14,1.2434497875801753e-14,-9.944442408006296,-9.944442408006308,434.05748675889777,424.11304435089147,865.4230298550315,0.0,110.83686277676838,754.5861670782631,9.944442408006308,0.0,0.0,0.0,0.0,0.0,independent_wat_flux_minus_additive_storage_delta
p42,4,2.3092638912203256e-14,2.3092638912203256e-14,-6.073921934857651,-6.073921934857628,424.11304435089147,418.0391224160338,1123.306166999107,0.0,65.96807771344166,1057.3380892856653,6.073921934857628,0.0,0.0,0.0,0.0,0.0,independent_wat_flux_minus_additive_storage_delta
p42,5,-1.2612133559741778e-13,1.2612133559741778e-13,-7.457579447934961,-7.457579447935087,418.0391224160338,410.58154296809886,810.4366666666667,0.0,135.92984508358256,674.5068215830842,7.457579447935087,0.0,0.0,0.0,0.0,0.0,independent_wat_flux_minus_additive_storage_delta
p42,6,-9.592326932761353e-14,9.592326932761353e-14,-1.4374102217798281,-1.437410221779924,410.58154296809886,409.14413274631903,750.7,0.0,54.43485064418687,696.2651493558133,1.4374102217798104,0.0,0.0,0.0,0.0,0.0,independent_wat_flux_minus_additive_storage_delta
p42,7,2.3092638912203256e-14,2.3092638912203256e-14,-6.506645919731852,-6.506645919731829,409.14413274631903,402.6374868265872,745.2976021425397,0.0,87.48158350397877,657.816018638561,6.506645919731829,0.0,0.0,0.0,0.0,0.0,independent_wat_flux_minus_additive_storage_delta
p43,1,-1.0332987617146614,1.0332987617146614,-165.5896066396782,-166.62290540139287,605.7749599133934,440.18535327371524,1011.2,0.0,105.40370668500316,905.7962933149968,65.69479489002835,28.691994740205256,0.0,58.355539070475736,13.880576700683635,0.0,independent_wat_flux_minus_additive_storage_delta
p43,2,-1.4210854715202004e-13,1.4210854715202004e-13,-27.286102588813776,-27.286102588813918,440.18535327371524,412.89925068490146,1002.626445068739,0.0,54.95845243133979,947.6679926373994,27.286102588813804,0.0,0.0,0.0,0.0,0.0,independent_wat_flux_minus_additive_storage_delta
p43,3,3.552713678800501e-14,3.552713678800501e-14,-10.136024136112496,-10.13602413611246,412.89925068490146,402.76322654878896,864.5799540354592,0.0,110.83686277676838,753.7430912586908,10.13602413611246,0.0,0.0,0.0,0.0,0.0,independent_wat_flux_minus_additive_storage_delta
p43,4,-3.197442310920451e-14,3.197442310920451e-14,-6.362522250620316,-6.362522250620348,402.76322654878896,396.40070429816865,1123.156934229135,0.0,65.96807771344166,1057.1888565156933,6.362522250620348,0.0,0.0,0.0,0.0,0.0,independent_wat_flux_minus_additive_storage_delta
p43,5,-5.417888360170764e-14,5.417888360170764e-14,-7.462829524553342,-7.462829524553396,396.40070429816865,388.9378747736153,810.4366666666667,0.0,135.92984508358256,674.5068215830842,7.462829524553396,0.0,0.0,0.0,0.0,0.0,independent_wat_flux_minus_additive_storage_delta
p43,6,-1.3700152123874432e-13,1.3700152123874432e-13,-1.5872857788923511,-1.5872857788924881,388.9378747736153,387.35058899472295,750.7,0.0,54.43485064418687,696.2651493558133,1.5872857788923744,0.0,0.0,0.0,0.0,0.0,independent_wat_flux_minus_additive_storage_delta
p43,7,0.0,0.0,-6.560382529029596,-6.560382529029596,387.35058899472295,380.79020646569336,745.3806656962655,0.0,87.48158350397877,657.8990821922868,6.560382529029596,0.0,0.0,0.0,0.0,0.0,independent_wat_flux_minus_additive_storage_delta
