prefix	exit	wat	message
p1	0	true	ok
p2	0	true	ok
p3	0	true	ok
p4	0	true	ok
p5	0	true	ok
p6	0	true	ok
p7	0	true	ok
p8	0	true	ok
p9	0	true	ok
p10	0	true	ok
p11	0	true	ok
p12	0	true	ok
p13	0	true	ok
p14	0	true	ok
p15	0	true	ok
p16	0	true	ok
p17	0	true	ok
p18	0	true	ok
p19	0	true	ok
p20	0	true	ok
p21	0	true	ok
p22	0	true	ok
p23	0	true	ok
p24	0	true	ok
p25	0	true	ok
p26	0	true	ok
p27	0	true	ok
p28	0	true	ok
p29	0	true	ok
p30	0	true	ok
p31	0	true	ok
p32	0	true	ok
p33	0	true	ok
p34	0	true	ok
p35	0	true	ok
p36	0	true	ok
p37	0	true	ok
p38	0	true	ok
p39	0	true	ok
p40	0	true	ok
p41	0	true	ok
p42	0	true	ok
p43	0	true	ok
