lane_id,role,response,units,status,B,L,S,LS,longwave_main,sublimation_main,combined,interaction
snotel_mica_creek_st_joe_id,INDEPENDENT_VALIDATION,mean_swe_m,m,AVAILABLE,0.09569593004067213,0.09569593004067213,0.09020614494521316,0.09129407364449002,0.0,-0.005489785095458971,-0.0044018563961821106,0.0010879286992768605
snotel_mica_creek_st_joe_id,INDEPENDENT_VALIDATION,peak_swe_m,m,AVAILABLE,1.021347605467768,1.021347605467768,0.9811992792064678,0.9867091804378585,0.0,-0.04014832626130016,-0.034638425029909437,0.005509901231390835
snotel_mica_creek_st_joe_id,INDEPENDENT_VALIDATION,mean_depth_m,m,AVAILABLE,0.2509885138122195,0.2509885138122195,0.23560777996735724,0.23848231244061108,0.0,-0.015380733844862243,-0.012506201371608405,0.002874532473253838
snotel_mica_creek_st_joe_id,INDEPENDENT_VALIDATION,total_sublimation_m,m,AVAILABLE,0.0,0.0,0.6257050539809874,0.45915674117802596,0.0,0.6257050539809874,0.45915674117802596,-0.16654831280296145
snotel_mica_creek_st_joe_id,INDEPENDENT_VALIDATION,total_snowpack_swe_loss_m,m,AVAILABLE,24.661804718278262,24.661804718278262,23.905023997770385,24.081359907526995,0.0,-0.7567807205078765,-0.580444810751267,0.1763359097566095
snotel_mica_creek_st_joe_id,INDEPENDENT_VALIDATION,total_refreeze_m,m,AVAILABLE,0.02807934103653404,0.5161549858269748,0.6787748042637108,0.6801036020384021,0.4880756447904408,0.6506954632271768,0.652024261001868,-0.4867468470157495
snotel_mica_creek_st_joe_id,INDEPENDENT_VALIDATION,median_disappearance_dowy,day_of_water_year,AVAILABLE,195.0,195.0,194.0,194.0,0.0,-1.0,-1.0,0.0
snotel_mica_creek_st_joe_id,INDEPENDENT_VALIDATION,median_runoff_centroid_dowy,day_of_water_year,AVAILABLE,129.0,129.0,127.0,127.5,0.0,-2.0,-1.5,0.5
snotel_paradise_wa,INDEPENDENT_VALIDATION,mean_swe_m,m,AVAILABLE,0.3624828877245203,0.3624828877245203,0.347027672471268,0.348638709924219,0.0,-0.01545521525325233,-0.013844177800301283,0.0016110374529510474
snotel_paradise_wa,INDEPENDENT_VALIDATION,peak_swe_m,m,AVAILABLE,2.253408391562869,2.253408391562869,2.1876476184975084,2.192732084930666,0.0,-0.06576077306536066,-0.060676306632203136,0.0050844664331575196
snotel_paradise_wa,INDEPENDENT_VALIDATION,mean_depth_m,m,AVAILABLE,0.8736835458214097,0.8736835458214097,0.8321849989269025,0.8360718835799218,0.0,-0.04149854689450727,-0.03761166224148793,0.00388688465301934
snotel_paradise_wa,INDEPENDENT_VALIDATION,total_sublimation_m,m,AVAILABLE,0.0,0.0,0.9611033629323065,0.7681327383852654,0.0,0.9611033629323065,0.7681327383852654,-0.19297062454704106
snotel_paradise_wa,INDEPENDENT_VALIDATION,total_snowpack_swe_loss_m,m,AVAILABLE,72.45995666188261,72.45995666188261,70.91814027074575,71.11225293042001,0.0,-1.5418163911368623,-1.3477037314626017,0.1941126596742606
snotel_paradise_wa,INDEPENDENT_VALIDATION,total_refreeze_m,m,AVAILABLE,0.173424379742778,1.617820061778956,1.7657496762222173,2.1397050652813205,1.444395682036178,1.5923252964794394,1.9662806855385426,-1.0704402929770749
snotel_paradise_wa,INDEPENDENT_VALIDATION,median_disappearance_dowy,day_of_water_year,AVAILABLE,248.0,248.0,247.0,247.0,0.0,-1.0,-1.0,0.0
snotel_paradise_wa,INDEPENDENT_VALIDATION,median_runoff_centroid_dowy,day_of_water_year,AVAILABLE,156.0,156.0,154.0,154.5,0.0,-2.0,-1.5,0.5
snotel_css_lab_ca,INDEPENDENT_VALIDATION,mean_swe_m,m,AVAILABLE,0.11885571248045336,0.11885571248045336,0.11335314993720993,0.11385858468771257,0.0,-0.005502562543243425,-0.004997127792740794,0.0005054347505026313
snotel_css_lab_ca,INDEPENDENT_VALIDATION,peak_swe_m,m,AVAILABLE,1.2314413776278104,1.2314413776278104,1.189261017564039,1.1926874169008501,0.0,-0.04218036006377135,-0.038753960726960246,0.0034263993368111034
snotel_css_lab_ca,INDEPENDENT_VALIDATION,mean_depth_m,m,AVAILABLE,0.30169729776722937,0.30169729776722937,0.2869128925688912,0.28816047200029266,0.0,-0.01478440519833818,-0.013536825766936711,0.0012475794314014688
snotel_css_lab_ca,INDEPENDENT_VALIDATION,total_sublimation_m,m,AVAILABLE,0.0,0.0,0.6866846253552737,0.5789201080180875,0.0,0.6866846253552737,0.5789201080180875,-0.10776451733718628
snotel_css_lab_ca,INDEPENDENT_VALIDATION,total_snowpack_swe_loss_m,m,AVAILABLE,43.86053147559688,43.86053147559688,42.97115803474669,43.07805610777773,0.0,-0.8893734408501857,-0.7824753678191456,0.10689807303104004
snotel_css_lab_ca,INDEPENDENT_VALIDATION,total_refreeze_m,m,AVAILABLE,0.09782177651162043,0.7382260909072996,0.9489691605588938,0.9439317882126697,0.6404043143956792,0.8511473840472734,0.8461100117010493,-0.6454416867419034
snotel_css_lab_ca,INDEPENDENT_VALIDATION,median_disappearance_dowy,day_of_water_year,AVAILABLE,206.0,206.0,205.0,205.0,0.0,-1.0,-1.0,0.0
snotel_css_lab_ca,INDEPENDENT_VALIDATION,median_runoff_centroid_dowy,day_of_water_year,AVAILABLE,137.0,137.0,135.5,135.5,0.0,-1.5,-1.5,0.0
snotel_snowbird_ut,INDEPENDENT_VALIDATION,mean_swe_m,m,AVAILABLE,0.10929995317941703,0.10929995317941703,0.10273580391976007,0.10443095270969632,0.0,-0.006564149259656954,-0.004869000469720705,0.0016951487899362488
snotel_snowbird_ut,INDEPENDENT_VALIDATION,peak_swe_m,m,AVAILABLE,1.1291424046034142,1.1291424046034142,1.0960573643082956,1.1043887502971756,0.0,-0.033085040295118606,-0.02475365430623855,0.008331385988880058
snotel_snowbird_ut,INDEPENDENT_VALIDATION,mean_depth_m,m,AVAILABLE,0.31881695730613246,0.31881695730613246,0.2996206639607667,0.30432576986181625,0.0,-0.019196293345365767,-0.014491187444316211,0.0047051059010495555
snotel_snowbird_ut,INDEPENDENT_VALIDATION,total_sublimation_m,m,AVAILABLE,0.0,0.0,0.8633648090023043,0.6172861984272862,0.0,0.8633648090023043,0.6172861984272862,-0.24607861057501812
snotel_snowbird_ut,INDEPENDENT_VALIDATION,total_snowpack_swe_loss_m,m,AVAILABLE,30.517337770046154,30.517337770046154,29.620606149077194,29.86915564196754,0.0,-0.8967316209689606,-0.6481821280786129,0.24854949289034778
snotel_snowbird_ut,INDEPENDENT_VALIDATION,total_refreeze_m,m,AVAILABLE,0.05336660554105418,0.6401371968600228,0.7215033510270402,0.8116688525922896,0.5867705913189686,0.668136745485986,0.7583022470512354,-0.49660508975371925
snotel_snowbird_ut,INDEPENDENT_VALIDATION,median_disappearance_dowy,day_of_water_year,AVAILABLE,219.0,219.0,218.0,218.0,0.0,-1.0,-1.0,0.0
snotel_snowbird_ut,INDEPENDENT_VALIDATION,median_runoff_centroid_dowy,day_of_water_year,AVAILABLE,154.5,154.5,153.0,153.0,0.0,-1.5,-1.5,0.0
snotel_niwot_co,INDEPENDENT_VALIDATION,mean_swe_m,m,AVAILABLE,0.0403600634524681,0.0403600634524681,0.03271410072820081,0.0349056335690676,0.0,-0.007645962724267291,-0.005454429883400502,0.002191532840866789
snotel_niwot_co,INDEPENDENT_VALIDATION,peak_swe_m,m,AVAILABLE,0.4191944755289502,0.4191944755289502,0.35628125303334096,0.37457770300715326,0.0,-0.06291322249560921,-0.04461677252179691,0.0182964499738123
snotel_niwot_co,INDEPENDENT_VALIDATION,mean_depth_m,m,AVAILABLE,0.13802070087094986,0.13802070087094986,0.11461683785383793,0.12147536312391241,0.0,-0.023403863017111934,-0.016545337747037453,0.006858525270074467
snotel_niwot_co,INDEPENDENT_VALIDATION,total_sublimation_m,m,AVAILABLE,0.0,0.0,1.7506990791090007,1.3002382033016486,0.0,1.7506990791090007,1.3002382033016486,-0.45046087580735206
snotel_niwot_co,INDEPENDENT_VALIDATION,total_snowpack_swe_loss_m,m,AVAILABLE,19.798838903097078,19.798838903097078,17.993012393844463,18.45478473737692,0.0,-1.805826509252615,-1.3440541657201592,0.46177234353245566
snotel_niwot_co,INDEPENDENT_VALIDATION,total_refreeze_m,m,AVAILABLE,0.00411594755103899,0.18795619632066218,0.5702915451512021,0.38997709211755177,0.18384024876962318,0.5661755976001631,0.38586114456651277,-0.3641547018032735
snotel_niwot_co,INDEPENDENT_VALIDATION,median_disappearance_dowy,day_of_water_year,AVAILABLE,210.0,210.0,207.0,207.0,0.0,-3.0,-3.0,0.0
snotel_niwot_co,INDEPENDENT_VALIDATION,median_runoff_centroid_dowy,day_of_water_year,AVAILABLE,147.0,147.0,143.0,144.0,0.0,-4.0,-3.0,1.0
harvard_open,INDEPENDENT_VALIDATION,mean_swe_m,m,AVAILABLE,0.027800056080279047,0.027800056080279047,0.027091863796975015,0.027139095445792273,0.0,-0.0007081922833040329,-0.0006609606344867743,4.723164881725861e-05
harvard_open,INDEPENDENT_VALIDATION,peak_swe_m,m,AVAILABLE,0.40690212590107006,0.40690212590107006,0.40493352273563216,0.4050935802383152,0.0,-0.001968603165437899,-0.0018085456627548457,0.00016005750268305308
harvard_open,INDEPENDENT_VALIDATION,mean_depth_m,m,AVAILABLE,0.09215780812375161,0.09215780812375161,0.09055220376310383,0.09070892120857835,0.0,-0.001605604360647786,-0.001448886915173267,0.00015671744547451905
harvard_open,INDEPENDENT_VALIDATION,total_sublimation_m,m,AVAILABLE,0.0,0.0,0.05882936920809453,0.04204343810430024,0.0,0.05882936920809453,0.04204343810430024,-0.01678593110379429
harvard_open,INDEPENDENT_VALIDATION,total_snowpack_swe_loss_m,m,AVAILABLE,14.740743131055405,14.740743131055405,14.641153917370126,14.657779941606606,0.0,-0.09958921368527918,-0.08296318944879921,0.016626024236479964
harvard_open,INDEPENDENT_VALIDATION,total_refreeze_m,m,AVAILABLE,0.006418092663353,0.1503288152504805,0.02831227169166032,0.17605029831754732,0.1439107225871275,0.021894179028307318,0.16963220565419432,0.003827304038759495
harvard_open,INDEPENDENT_VALIDATION,median_disappearance_dowy,day_of_water_year,AVAILABLE,179.0,179.0,179.0,179.0,0.0,0.0,0.0,0.0
harvard_open,INDEPENDENT_VALIDATION,median_runoff_centroid_dowy,day_of_water_year,AVAILABLE,101.0,101.0,100.5,100.5,0.0,-0.5,-0.5,0.0
harvard_hardwood,INDEPENDENT_VALIDATION,mean_swe_m,m,AVAILABLE,0.026978084914928403,0.026978084914928403,0.021614011460990484,0.023473158105026492,0.0,-0.005364073453937919,-0.0035049268099019114,0.0018591466440360076
harvard_hardwood,INDEPENDENT_VALIDATION,peak_swe_m,m,AVAILABLE,0.4169218658576359,0.4169218658576359,0.35578319243401985,0.38547386687662144,0.0,-0.06113867342361606,-0.03144799898101447,0.029690674442601594
harvard_hardwood,INDEPENDENT_VALIDATION,mean_depth_m,m,AVAILABLE,0.09204232784047117,0.09204232784047117,0.07580819064659325,0.08201120062200572,0.0,-0.016234137193877923,-0.010031127218465455,0.0062030099754124685
harvard_hardwood,INDEPENDENT_VALIDATION,total_sublimation_m,m,AVAILABLE,0.0,0.0,2.0143381775061666,1.2103243009934295,0.0,2.0143381775061666,1.2103243009934295,-0.8040138765127371
harvard_hardwood,INDEPENDENT_VALIDATION,total_snowpack_swe_loss_m,m,AVAILABLE,14.932109718105664,14.932109718105664,12.696976698301807,13.557378939596092,0.0,-2.2351330198038575,-1.3747307785095728,0.8604022412942847
harvard_hardwood,INDEPENDENT_VALIDATION,total_refreeze_m,m,AVAILABLE,0.0049012963895154,0.727921066856429,0.6944970522901168,0.9620345191490299,0.7230197704669136,0.6895957559006014,0.9571332227595145,-0.45548230360800046
harvard_hardwood,INDEPENDENT_VALIDATION,median_disappearance_dowy,day_of_water_year,AVAILABLE,177.0,177.0,174.0,175.0,0.0,-3.0,-2.0,1.0
harvard_hardwood,INDEPENDENT_VALIDATION,median_runoff_centroid_dowy,day_of_water_year,AVAILABLE,97.0,97.0,89.0,91.5,0.0,-8.0,-5.5,2.5
marcell_conifer,INDEPENDENT_VALIDATION,mean_swe_m,m,AVAILABLE,0.019186901847158034,0.019186901847158034,0.014173611985467826,0.016743961247315472,0.0,-0.005013289861690208,-0.002442940599842562,0.002570349261847644
marcell_conifer,INDEPENDENT_VALIDATION,peak_swe_m,m,AVAILABLE,0.2112908337260538,0.2112908337260538,0.1756564199804923,0.19569173221709982,0.0,-0.035634413745561505,-0.015599101508953994,0.02003531223660751
marcell_conifer,INDEPENDENT_VALIDATION,mean_depth_m,m,AVAILABLE,0.08988675643303463,0.08988675643303463,0.0680602404817596,0.08004779770176398,0.0,-0.021826515951275036,-0.00983895873127065,0.011987557220004386
marcell_conifer,INDEPENDENT_VALIDATION,total_sublimation_m,m,AVAILABLE,0.0,0.0,1.2921711926420147,0.6778285034925109,0.0,1.2921711926420147,0.6778285034925109,-0.6143426891495039
marcell_conifer,INDEPENDENT_VALIDATION,total_snowpack_swe_loss_m,m,AVAILABLE,5.50234829686298,5.50234829686298,4.120279288366922,4.821825840479173,0.0,-1.3820690084960576,-0.680522456383807,0.7015465521122506
marcell_conifer,INDEPENDENT_VALIDATION,total_refreeze_m,m,AVAILABLE,9.275960202162e-05,0.03079645252362909,0.1128619919210215,0.07318032985332239,0.03070369292160747,0.11276923231899988,0.07308757025130076,-0.07038535498930658
marcell_conifer,INDEPENDENT_VALIDATION,median_disappearance_dowy,day_of_water_year,AVAILABLE,186.0,186.0,181.0,183.0,0.0,-5.0,-3.0,2.0
marcell_conifer,INDEPENDENT_VALIDATION,median_runoff_centroid_dowy,day_of_water_year,AVAILABLE,113.5,113.5,97.0,102.5,0.0,-16.5,-11.0,5.5
marcell_deciduous,INDEPENDENT_VALIDATION,mean_swe_m,m,AVAILABLE,0.018297279214289842,0.018297279214289842,0.012079388275252333,0.015210685620845007,0.0,-0.006217890939037509,-0.0030865935934448353,0.003131297345592674
marcell_deciduous,INDEPENDENT_VALIDATION,peak_swe_m,m,AVAILABLE,0.21110779326696488,0.21110779326696488,0.1550761052470455,0.1895155658139707,0.0,-0.056031688019919396,-0.02159222745299419,0.034439460566925206
marcell_deciduous,INDEPENDENT_VALIDATION,mean_depth_m,m,AVAILABLE,0.08819321079325257,0.08819321079325257,0.06041283602891793,0.07505190119166201,0.0,-0.02778037476433464,-0.013141309601590559,0.014639065162744075
marcell_deciduous,INDEPENDENT_VALIDATION,total_sublimation_m,m,AVAILABLE,0.0,0.0,2.1873898748732663,1.0120079174305516,0.0,2.1873898748732663,1.0120079174305516,-1.1753819574427147
marcell_deciduous,INDEPENDENT_VALIDATION,total_snowpack_swe_loss_m,m,AVAILABLE,5.403775750740428,5.403775750740428,3.1557882534602677,4.354746374911868,0.0,-2.24798749728016,-1.0490293758285594,1.1989581214516
marcell_deciduous,INDEPENDENT_VALIDATION,total_refreeze_m,m,AVAILABLE,7.53182164957e-05,0.36300973304944606,0.17064039291349653,0.3741306181457583,0.36293441483295036,0.17056507469700083,0.3740552999292626,-0.15944418960068857
marcell_deciduous,INDEPENDENT_VALIDATION,median_disappearance_dowy,day_of_water_year,AVAILABLE,180.0,180.0,175.0,178.0,0.0,-5.0,-2.0,3.0
marcell_deciduous,INDEPENDENT_VALIDATION,median_runoff_centroid_dowy,day_of_water_year,AVAILABLE,106.0,106.0,75.0,96.5,0.0,-31.0,-9.5,21.5
marcell_open,INDEPENDENT_VALIDATION,mean_swe_m,m,AVAILABLE,0.019143882510458878,0.019143882510458878,0.018626423475941237,0.01880515507123517,0.0,-0.0005174590345176401,-0.0003387274392237065,0.00017873159529393362
marcell_open,INDEPENDENT_VALIDATION,peak_swe_m,m,AVAILABLE,0.21064497794713777,0.21064497794713777,0.20801534605661745,0.20834850021443285,0.0,-0.0026296318905203175,-0.0022964777327049157,0.0003331541578154018
marcell_open,INDEPENDENT_VALIDATION,mean_depth_m,m,AVAILABLE,0.08942034234196532,0.08942034234196532,0.08722280889362463,0.08806524203879296,0.0,-0.0021975334483406855,-0.0013551003031723602,0.0008424331451683253
marcell_open,INDEPENDENT_VALIDATION,total_sublimation_m,m,AVAILABLE,0.0,0.0,0.105058978329676,0.05271728431882575,0.0,0.105058978329676,0.05271728431882575,-0.05234169401085026
marcell_open,INDEPENDENT_VALIDATION,total_snowpack_swe_loss_m,m,AVAILABLE,5.517174678423343,5.517174678423343,5.413251262611241,5.465624151388675,0.0,-0.10392341581210207,-0.051550527034668114,0.05237288877743396
marcell_open,INDEPENDENT_VALIDATION,total_refreeze_m,m,AVAILABLE,9.24346095343e-05,0.02627578542837022,0.00771583199787496,0.04568337377805415,0.02618335081883592,0.00762339738834066,0.04559093916851985,0.011784190961343269
marcell_open,INDEPENDENT_VALIDATION,median_disappearance_dowy,day_of_water_year,AVAILABLE,185.0,185.0,185.0,185.0,0.0,0.0,0.0,0.0
marcell_open,INDEPENDENT_VALIDATION,median_runoff_centroid_dowy,day_of_water_year,AVAILABLE,112.0,112.0,111.5,111.5,0.0,-0.5,-0.5,0.0
sleepers_south_open,DIAGNOSTIC_ONLY,mean_swe_m,m,AVAILABLE,0.054719723510000984,0.054719723510000984,0.05183599480355709,0.052923458108834684,0.0,-0.0028837287064438916,-0.0017962654011662998,0.0010874633052775917
sleepers_south_open,DIAGNOSTIC_ONLY,peak_swe_m,m,AVAILABLE,0.5026570249301239,0.5026570249301239,0.4886473347499845,0.4928905734100145,0.0,-0.014009690180139367,-0.009766451520109354,0.004243238660030013
sleepers_south_open,DIAGNOSTIC_ONLY,mean_depth_m,m,AVAILABLE,0.18923590435260496,0.18923590435260496,0.17917450606441074,0.1831239992759722,0.0,-0.010061398288194218,-0.0061119050766327565,0.003949493211561461
sleepers_south_open,DIAGNOSTIC_ONLY,total_sublimation_m,m,AVAILABLE,0.0,0.0,0.42464430472689146,0.22973397835124235,0.0,0.42464430472689146,0.22973397835124235,-0.19491032637564912
sleepers_south_open,DIAGNOSTIC_ONLY,total_snowpack_swe_loss_m,m,AVAILABLE,13.894598590012494,13.894598590012494,13.43743339900538,13.650463280934794,0.0,-0.45716519100711395,-0.2441353090777003,0.21302988192941363
sleepers_south_open,DIAGNOSTIC_ONLY,total_refreeze_m,m,AVAILABLE,0.00894498843838375,0.2710548690309292,0.14937487433737226,0.31893186041943106,0.2621098805925454,0.1404298858989885,0.3099868719810473,-0.09255289451048664
sleepers_south_open,DIAGNOSTIC_ONLY,median_disappearance_dowy,day_of_water_year,AVAILABLE,202.0,202.0,200.5,202.0,0.0,-1.5,0.0,1.5
sleepers_south_open,DIAGNOSTIC_ONLY,median_runoff_centroid_dowy,day_of_water_year,AVAILABLE,127.0,127.0,126.0,126.0,0.0,-1.0,-1.0,0.0
sleepers_w9_hardwood,DIAGNOSTIC_ONLY,mean_swe_m,m,AVAILABLE,0.06079476454241009,0.06079476454241009,0.052830954947444636,0.055806515179186514,0.0,-0.007963809594965454,-0.004988249363223576,0.0029755602317418778
sleepers_w9_hardwood,DIAGNOSTIC_ONLY,peak_swe_m,m,AVAILABLE,0.5147573671309411,0.5147573671309411,0.47504618481093314,0.48782567502711255,0.0,-0.039711182320007976,-0.026931692103828564,0.012779490216179412
sleepers_w9_hardwood,DIAGNOSTIC_ONLY,mean_depth_m,m,AVAILABLE,0.20884075198161633,0.20884075198161633,0.18125159581946296,0.1919331042483215,0.0,-0.027589156162153378,-0.01690764773329484,0.010681508428858538
sleepers_w9_hardwood,DIAGNOSTIC_ONLY,total_sublimation_m,m,AVAILABLE,0.0,0.0,1.6083560066541642,1.009744390208591,0.0,1.6083560066541642,1.009744390208591,-0.5986116164455733
sleepers_w9_hardwood,DIAGNOSTIC_ONLY,total_snowpack_swe_loss_m,m,AVAILABLE,17.943386731301953,17.943386731301953,16.249416301952426,16.849125817282502,0.0,-1.6939704293495268,-1.0942609140194506,0.5997095153300762
sleepers_w9_hardwood,DIAGNOSTIC_ONLY,total_refreeze_m,m,AVAILABLE,0.01297663649096528,0.3955989389649735,0.5197159799310981,0.5315642489620357,0.38262230247400825,0.5067393434401328,0.5185876124710704,-0.37077403344307064
sleepers_w9_hardwood,DIAGNOSTIC_ONLY,median_disappearance_dowy,day_of_water_year,AVAILABLE,203.0,203.0,201.0,202.0,0.0,-2.0,-1.0,1.0
sleepers_w9_hardwood,DIAGNOSTIC_ONLY,median_runoff_centroid_dowy,day_of_water_year,AVAILABLE,129.5,129.5,124.5,126.5,0.0,-5.0,-3.0,2.0
