arm_id,site,year,live_biomass_year_end_kg_m2,flat_residue_year_end_kg_m2,current_flat_residue_year_end_kg_m2,previous_flat_residue_year_end_kg_m2,old_flat_residue_year_end_kg_m2,live_biomass_min_kg_m2,live_biomass_max_kg_m2,flat_residue_min_kg_m2,flat_residue_max_kg_m2,annual_live_decline_sum_kg_m2,annual_litter_transfer_kg_m2,annual_runoff_mm,annual_sediment_delivery_kg_m
hubbard_constant,HUBBARD_BROOK,1,0.164,1.3816,1.3816,0.0,0.0,0.164,0.164,1.3816,1.3816,0.0,0.0,0,0
hubbard_constant,HUBBARD_BROOK,2,0.164,1.3816,1.3816,0.0,0.0,0.164,0.164,1.3816,1.3816,0.0,0.0,0,0
hubbard_constant,HUBBARD_BROOK,3,0.164,1.3817,1.3817,0.0,0.0,0.164,0.164,1.3816,1.3817,0.0,0.0,0,0
hubbard_constant,HUBBARD_BROOK,4,0.164,1.3817,1.3817,0.0,0.0,0.164,0.164,1.3817,1.3817,0.0,0.0,0,0
hubbard_constant,HUBBARD_BROOK,5,0.164,1.3817,1.3817,0.0,0.0,0.164,0.164,1.3817,1.3817,0.0,0.0,0,0
hubbard_constant,HUBBARD_BROOK,6,0.164,1.3818,1.3818,0.0,0.0,0.164,0.164,1.3817,1.3818,0.0,0.0,0,0
hubbard_constant,HUBBARD_BROOK,7,0.164,1.3818,1.3818,0.0,0.0,0.164,0.164,1.3818,1.3818,0.0,0.0,0,0
hubbard_constant,HUBBARD_BROOK,8,0.164,1.3818,1.3818,0.0,0.0,0.164,0.164,1.3818,1.3818,0.0,0.0,0,0
hubbard_constant,HUBBARD_BROOK,9,0.164,1.3819,1.3819,0.0,0.0,0.164,0.164,1.3818,1.3819,0.0,0.0,0,0
hubbard_constant,HUBBARD_BROOK,10,0.164,1.3819,1.3819,0.0,0.0,0.164,0.164,1.3819,1.3819,0.0,0.0,0,0
hubbard_constant,HUBBARD_BROOK,11,0.164,1.382,1.382,0.0,0.0,0.164,0.164,1.3819,1.382,0.0,0.0,0,0
hubbard_constant,HUBBARD_BROOK,12,0.164,1.382,1.382,0.0,0.0,0.164,0.164,1.382,1.382,0.0,0.0,0,0
hubbard_constant,HUBBARD_BROOK,13,0.164,1.382,1.382,0.0,0.0,0.164,0.164,1.382,1.382,0.0,0.0,0,0
hubbard_constant,HUBBARD_BROOK,14,0.164,1.3821,1.3821,0.0,0.0,0.164,0.164,1.382,1.3821,0.0,0.0,0,0
hubbard_constant,HUBBARD_BROOK,15,0.164,1.3821,1.3821,0.0,0.0,0.164,0.164,1.3821,1.3821,0.0,0.0,0,0
hubbard_constant,HUBBARD_BROOK,16,0.164,1.3821,1.3821,0.0,0.0,0.164,0.164,1.3821,1.3821,0.0,0.0,0,0
hubbard_constant,HUBBARD_BROOK,17,0.164,1.3822,1.3822,0.0,0.0,0.164,0.164,1.3821,1.3822,0.0,0.0,0,0
hubbard_constant,HUBBARD_BROOK,18,0.164,1.3822,1.3822,0.0,0.0,0.164,0.164,1.3822,1.3822,0.0,0.0,0,0
hubbard_constant,HUBBARD_BROOK,19,0.164,1.3822,1.3822,0.0,0.0,0.164,0.164,1.3822,1.3822,0.0,0.0,0,0
hubbard_constant,HUBBARD_BROOK,20,0.164,1.3823,1.3823,0.0,0.0,0.164,0.164,1.3822,1.3823,0.0,0.0,0,0
hubbard_constant,HUBBARD_BROOK,21,0.164,1.3823,1.3823,0.0,0.0,0.164,0.164,1.3823,1.3823,0.0,0.0,0,0
hubbard_constant,HUBBARD_BROOK,22,0.164,1.3824,1.3824,0.0,0.0,0.164,0.164,1.3823,1.3824,0.0,0.0,0,0
hubbard_constant,HUBBARD_BROOK,23,0.164,1.3824,1.3824,0.0,0.0,0.164,0.164,1.3824,1.3824,0.0,0.0,0,0
hubbard_constant,HUBBARD_BROOK,24,0.164,1.3824,1.3824,0.0,0.0,0.164,0.164,1.3824,1.3824,0.0,0.0,0,0
hubbard_constant,HUBBARD_BROOK,25,0.164,1.3825,1.3825,0.0,0.0,0.164,0.164,1.3824,1.3825,0.0,0.0,0,0
hubbard_constant,HUBBARD_BROOK,26,0.164,1.3825,1.3825,0.0,0.0,0.164,0.164,1.3825,1.3825,0.0,0.0,0,0
hubbard_constant,HUBBARD_BROOK,27,0.164,1.3825,1.3825,0.0,0.0,0.164,0.164,1.3825,1.3825,0.0,0.0,0,0
hubbard_constant,HUBBARD_BROOK,28,0.164,1.3826,1.3826,0.0,0.0,0.164,0.164,1.3825,1.3826,0.0,0.0,0,0
hubbard_constant,HUBBARD_BROOK,29,0.164,1.3826,1.3826,0.0,0.0,0.164,0.164,1.3826,1.3826,0.0,0.0,0,0
hubbard_constant,HUBBARD_BROOK,30,0.164,1.3826,1.3826,0.0,0.0,0.164,0.164,1.3826,1.3826,0.0,0.0,0,0
hubbard_constant,HUBBARD_BROOK,31,0.164,1.3827,1.3827,0.0,0.0,0.164,0.164,1.3826,1.3827,0.0,0.0,0,0
hubbard_constant,HUBBARD_BROOK,32,0.164,1.3827,1.3827,0.0,0.0,0.164,0.164,1.3827,1.3827,0.0,0.0,0,0
hubbard_constant,HUBBARD_BROOK,33,0.164,1.3828,1.3828,0.0,0.0,0.164,0.164,1.3827,1.3828,0.0,0.0,0,0
hubbard_constant,HUBBARD_BROOK,34,0.164,1.3828,1.3828,0.0,0.0,0.164,0.164,1.3828,1.3828,0.0,0.0,10.2,0.0
hubbard_constant,HUBBARD_BROOK,35,0.164,1.3828,1.3828,0.0,0.0,0.164,0.164,1.3828,1.3828,0.0,0.0,0,0
hubbard_constant,HUBBARD_BROOK,36,0.164,1.3829,1.3829,0.0,0.0,0.164,0.164,1.3828,1.3829,0.0,0.0,0,0
hubbard_constant,HUBBARD_BROOK,37,0.164,1.3829,1.3829,0.0,0.0,0.164,0.164,1.3829,1.3829,0.0,0.0,0,0
hubbard_constant,HUBBARD_BROOK,38,0.164,1.3829,1.3829,0.0,0.0,0.164,0.164,1.3829,1.3829,0.0,0.0,0,0
hubbard_constant,HUBBARD_BROOK,39,0.164,1.383,1.383,0.0,0.0,0.164,0.164,1.3829,1.383,0.0,0.0,0,0
hubbard_constant,HUBBARD_BROOK,40,0.164,1.383,1.383,0.0,0.0,0.164,0.164,1.383,1.383,0.0,0.0,0,0
hubbard_constant,HUBBARD_BROOK,41,0.164,1.383,1.383,0.0,0.0,0.164,0.164,1.383,1.383,0.0,0.0,0,0
hubbard_constant,HUBBARD_BROOK,42,0.164,1.3831,1.3831,0.0,0.0,0.164,0.164,1.383,1.3831,0.0,0.0,0,0
hubbard_constant,HUBBARD_BROOK,43,0.164,1.3831,1.3831,0.0,0.0,0.164,0.164,1.3831,1.3831,0.0,0.0,0,0
hubbard_constant,HUBBARD_BROOK,44,0.164,1.3832,1.3832,0.0,0.0,0.164,0.164,1.3831,1.3832,0.0,0.0,39.0,25.6
hubbard_constant,HUBBARD_BROOK,45,0.164,1.3832,1.3832,0.0,0.0,0.164,0.164,1.3832,1.3832,0.0,0.0,0,0
hubbard_constant,HUBBARD_BROOK,46,0.164,1.3832,1.3832,0.0,0.0,0.164,0.164,1.3832,1.3832,0.0,0.0,0,0
hubbard_constant,HUBBARD_BROOK,47,0.164,1.3833,1.3833,0.0,0.0,0.164,0.164,1.3832,1.3833,0.0,0.0,0,0
hubbard_constant,HUBBARD_BROOK,48,0.164,1.3833,1.3833,0.0,0.0,0.164,0.164,1.3833,1.3833,0.0,0.0,0,0
hubbard_constant,HUBBARD_BROOK,49,0.164,1.3833,1.3833,0.0,0.0,0.164,0.164,1.3833,1.3833,0.0,0.0,0,0
hubbard_constant,HUBBARD_BROOK,50,0.164,1.3834,1.3834,0.0,0.0,0.164,0.164,1.3833,1.3834,0.0,0.0,0,0
hubbard_constant,HUBBARD_BROOK,51,0.164,1.3834,1.3834,0.0,0.0,0.164,0.164,1.3834,1.3834,0.0,0.0,0,0
hubbard_constant,HUBBARD_BROOK,52,0.164,1.3835,1.3835,0.0,0.0,0.164,0.164,1.3834,1.3835,0.0,0.0,0,0
hubbard_constant,HUBBARD_BROOK,53,0.164,1.3835,1.3835,0.0,0.0,0.164,0.164,1.3835,1.3835,0.0,0.0,0,0
hubbard_constant,HUBBARD_BROOK,54,0.164,1.3835,1.3835,0.0,0.0,0.164,0.164,1.3835,1.3835,0.0,0.0,0,0
hubbard_constant,HUBBARD_BROOK,55,0.164,1.3836,1.3836,0.0,0.0,0.164,0.164,1.3835,1.3836,0.0,0.0,0,0
hubbard_constant,HUBBARD_BROOK,56,0.164,1.3836,1.3836,0.0,0.0,0.164,0.164,1.3836,1.3836,0.0,0.0,31.9,24.2
hubbard_constant,HUBBARD_BROOK,57,0.164,1.3836,1.3836,0.0,0.0,0.164,0.164,1.3836,1.3836,0.0,0.0,0,0
hubbard_constant,HUBBARD_BROOK,58,0.164,1.3837,1.3837,0.0,0.0,0.164,0.164,1.3836,1.3837,0.0,0.0,0,0
hubbard_constant,HUBBARD_BROOK,59,0.164,1.3837,1.3837,0.0,0.0,0.164,0.164,1.3837,1.3837,0.0,0.0,0,0
hubbard_constant,HUBBARD_BROOK,60,0.164,1.3837,1.3837,0.0,0.0,0.164,0.164,1.3837,1.3837,0.0,0.0,0,0
hubbard_constant,HUBBARD_BROOK,61,0.164,1.3838,1.3838,0.0,0.0,0.164,0.164,1.3837,1.3838,0.0,0.0,0,0
hubbard_constant,HUBBARD_BROOK,62,0.164,1.3838,1.3838,0.0,0.0,0.164,0.164,1.3838,1.3838,0.0,0.0,0,0
hubbard_constant,HUBBARD_BROOK,63,0.164,1.3839,1.3839,0.0,0.0,0.164,0.164,1.3838,1.3839,0.0,0.0,0,0
hubbard_constant,HUBBARD_BROOK,64,0.164,1.3839,1.3839,0.0,0.0,0.164,0.164,1.3839,1.3839,0.0,0.0,0,0
hubbard_constant,HUBBARD_BROOK,65,0.164,1.3839,1.3839,0.0,0.0,0.164,0.164,1.3839,1.3839,0.0,0.0,0,0
hubbard_constant,HUBBARD_BROOK,66,0.164,1.384,1.384,0.0,0.0,0.164,0.164,1.3839,1.384,0.0,0.0,0,0
hubbard_constant,HUBBARD_BROOK,67,0.164,1.384,1.384,0.0,0.0,0.164,0.164,1.384,1.384,0.0,0.0,0,0
hubbard_constant,HUBBARD_BROOK,68,0.164,1.384,1.384,0.0,0.0,0.164,0.164,1.384,1.384,0.0,0.0,0,0
hubbard_constant,HUBBARD_BROOK,69,0.164,1.3841,1.3841,0.0,0.0,0.164,0.164,1.384,1.3841,0.0,0.0,0,0
hubbard_constant,HUBBARD_BROOK,70,0.164,1.3841,1.3841,0.0,0.0,0.164,0.164,1.3841,1.3841,0.0,0.0,0,0
hubbard_constant,HUBBARD_BROOK,71,0.164,1.3841,1.3841,0.0,0.0,0.164,0.164,1.3841,1.3841,0.0,0.0,0,0
hubbard_constant,HUBBARD_BROOK,72,0.164,1.3842,1.3842,0.0,0.0,0.164,0.164,1.3841,1.3842,0.0,0.0,0,0
hubbard_constant,HUBBARD_BROOK,73,0.164,1.3842,1.3842,0.0,0.0,0.164,0.164,1.3842,1.3842,0.0,0.0,0,0
hubbard_constant,HUBBARD_BROOK,74,0.164,1.3843,1.3843,0.0,0.0,0.164,0.164,1.3842,1.3843,0.0,0.0,0,0
hubbard_constant,HUBBARD_BROOK,75,0.164,1.3843,1.3843,0.0,0.0,0.164,0.164,1.3843,1.3843,0.0,0.0,0,0
hubbard_constant,HUBBARD_BROOK,76,0.164,1.3843,1.3843,0.0,0.0,0.164,0.164,1.3843,1.3843,0.0,0.0,0,0
hubbard_constant,HUBBARD_BROOK,77,0.164,1.3844,1.3844,0.0,0.0,0.164,0.164,1.3843,1.3844,0.0,0.0,0,0
hubbard_constant,HUBBARD_BROOK,78,0.164,1.3844,1.3844,0.0,0.0,0.164,0.164,1.3844,1.3844,0.0,0.0,0,0
hubbard_constant,HUBBARD_BROOK,79,0.164,1.3844,1.3844,0.0,0.0,0.164,0.164,1.3844,1.3844,0.0,0.0,0,0
hubbard_constant,HUBBARD_BROOK,80,0.164,1.3845,1.3845,0.0,0.0,0.164,0.164,1.3844,1.3845,0.0,0.0,0,0
hubbard_constant,HUBBARD_BROOK,81,0.164,1.3845,1.3845,0.0,0.0,0.164,0.164,1.3845,1.3845,0.0,0.0,0,0
hubbard_constant,HUBBARD_BROOK,82,0.164,1.3845,1.3845,0.0,0.0,0.164,0.164,1.3845,1.3845,0.0,0.0,0,0
hubbard_constant,HUBBARD_BROOK,83,0.164,1.3846,1.3846,0.0,0.0,0.164,0.164,1.3845,1.3846,0.0,0.0,0,0
hubbard_constant,HUBBARD_BROOK,84,0.164,1.3846,1.3846,0.0,0.0,0.164,0.164,1.3846,1.3846,0.0,0.0,0,0
hubbard_constant,HUBBARD_BROOK,85,0.164,1.3847,1.3847,0.0,0.0,0.164,0.164,1.3846,1.3847,0.0,0.0,0,0
hubbard_constant,HUBBARD_BROOK,86,0.164,1.3847,1.3847,0.0,0.0,0.164,0.164,1.3847,1.3847,0.0,0.0,0,0
hubbard_constant,HUBBARD_BROOK,87,0.164,1.3847,1.3847,0.0,0.0,0.164,0.164,1.3847,1.3847,0.0,0.0,0,0
hubbard_constant,HUBBARD_BROOK,88,0.164,1.3848,1.3848,0.0,0.0,0.164,0.164,1.3847,1.3848,0.0,0.0,0,0
hubbard_constant,HUBBARD_BROOK,89,0.164,1.3848,1.3848,0.0,0.0,0.164,0.164,1.3848,1.3848,0.0,0.0,0,0
hubbard_constant,HUBBARD_BROOK,90,0.164,1.3848,1.3848,0.0,0.0,0.164,0.164,1.3848,1.3848,0.0,0.0,20.2,4.2
hubbard_constant,HUBBARD_BROOK,91,0.164,1.3849,1.3849,0.0,0.0,0.164,0.164,1.3848,1.3849,0.0,0.0,0,0
hubbard_constant,HUBBARD_BROOK,92,0.164,1.3849,1.3849,0.0,0.0,0.164,0.164,1.3849,1.3849,0.0,0.0,0,0
hubbard_constant,HUBBARD_BROOK,93,0.164,1.3849,1.3849,0.0,0.0,0.164,0.164,1.3849,1.3849,0.0,0.0,0,0
hubbard_constant,HUBBARD_BROOK,94,0.164,1.385,1.385,0.0,0.0,0.164,0.164,1.3849,1.385,0.0,0.0,0,0
hubbard_constant,HUBBARD_BROOK,95,0.164,1.385,1.385,0.0,0.0,0.164,0.164,1.385,1.385,0.0,0.0,0,0
hubbard_constant,HUBBARD_BROOK,96,0.164,1.3851,1.3851,0.0,0.0,0.164,0.164,1.385,1.3851,0.0,0.0,0,0
hubbard_constant,HUBBARD_BROOK,97,0.164,1.3851,1.3851,0.0,0.0,0.164,0.164,1.3851,1.3851,0.0,0.0,0,0
hubbard_constant,HUBBARD_BROOK,98,0.164,1.3851,1.3851,0.0,0.0,0.164,0.164,1.3851,1.3851,0.0,0.0,0,0
hubbard_constant,HUBBARD_BROOK,99,0.164,1.3852,1.3852,0.0,0.0,0.164,0.164,1.3851,1.3852,0.0,0.0,0,0
hubbard_constant,HUBBARD_BROOK,100,0.164,1.3852,1.3852,0.0,0.0,0.164,0.164,1.3852,1.3852,0.0,0.0,0,0
hubbard_hardwood_095,HUBBARD_BROOK,1,2.284,1.2407,0.1177,1.123,0.0,1.382,2.404,1.1574,1.3816,0.1200000000000001,0.1202000000000001,0.2,0.1
hubbard_hardwood_095,HUBBARD_BROOK,2,3.113,1.1714,0.1608,0.0959,0.9147,2.284,3.277,1.041,1.2407,0.16400000000000015,0.16385000000000016,0.4,0.2
hubbard_hardwood_095,HUBBARD_BROOK,3,3.869,1.1595,0.1995,0.1318,0.8282,3.113,4.072,0.9910000000000001,1.1729,0.20299999999999985,0.2036000000000002,0,0
hubbard_hardwood_095,HUBBARD_BROOK,4,4.628,1.191,0.2389,0.1638,0.7883,3.869,4.871,0.9789,1.2054,0.24300000000000033,0.24355000000000024,0,0
hubbard_hardwood_095,HUBBARD_BROOK,5,5.335,1.2407,0.2742,0.1939,0.7726,4.628,5.616,0.9995,1.2610999999999999,0.2809999999999997,0.2808000000000002,0.5,0.2
hubbard_hardwood_095,HUBBARD_BROOK,6,6.049,1.3195,0.3122,0.2226,0.7847,5.335,6.367,1.0362,1.3364,0.3179999999999996,0.3183500000000003,0.0,0.0
hubbard_hardwood_095,HUBBARD_BROOK,7,6.675,1.4348,0.3447,0.2579,0.8322,6.049,7.026,1.1225,1.4517,0.351,0.3513000000000003,0,0
hubbard_hardwood_095,HUBBARD_BROOK,8,7.327,1.5378,0.3779,0.2787,0.8812,6.675,7.712,1.1955,1.5589,0.3849999999999998,0.38560000000000033,0,0
hubbard_hardwood_095,HUBBARD_BROOK,9,7.916,1.6711,0.4083,0.3104,0.9524,7.327,8.332,1.298,1.6924000000000001,0.41600000000000037,0.4166000000000004,0.0,0.0
hubbard_hardwood_095,HUBBARD_BROOK,10,8.467,1.8209000000000002,0.4373,0.3381,1.0455,7.916,8.913,1.4232,1.842,0.44599999999999973,0.44565000000000043,3.1,1.8
hubbard_hardwood_095,HUBBARD_BROOK,11,9.007,1.9531999999999998,0.4637,0.3577,1.1318,8.467,9.481,1.5365,1.9786000000000001,0.4740000000000002,0.4740500000000004,0,0
hubbard_hardwood_095,HUBBARD_BROOK,12,9.479,2.0771,0.4891,0.377,1.211,9.007,9.978,1.6347,2.1035,0.49900000000000055,0.49890000000000045,1.9,0.7
hubbard_hardwood_095,HUBBARD_BROOK,13,9.943,2.215,0.5131,0.4008,1.3011,9.479,10.466,1.7521,2.2424999999999997,0.5229999999999997,0.5233000000000004,0.0,0.0
hubbard_hardwood_095,HUBBARD_BROOK,14,10.403,2.3328,0.536,0.4162,1.3806,9.943,10.951,1.8572,2.3628,0.548,0.5475500000000005,0.1,0.0
hubbard_hardwood_095,HUBBARD_BROOK,15,10.864,2.4631,0.5599,0.4373,1.4659,10.403,11.436,1.9611,2.4953000000000003,0.5719999999999992,0.5718000000000005,0.2,0.1
hubbard_hardwood_095,HUBBARD_BROOK,16,11.226,2.5691,0.5758,0.4531,1.5402,10.864,11.817,2.0691,2.6095,0.5909999999999993,0.5908500000000005,0.8,0.3
hubbard_hardwood_095,HUBBARD_BROOK,17,11.638,2.6757,0.5994,0.4654,1.6109,11.226,12.251,2.143,2.7136,0.6129999999999995,0.6125500000000005,0.0,0.0
hubbard_hardwood_095,HUBBARD_BROOK,18,12.056,2.7981,0.6229,0.4873,1.6879,11.638,12.69,2.2378,2.8254,0.6340000000000003,0.6345000000000005,0.0,0.0
hubbard_hardwood_095,HUBBARD_BROOK,19,12.39,2.8997,0.6367,0.5038,1.7592,12.056,13.042,2.3419,2.9468,0.6519999999999992,0.6521000000000006,0,0
hubbard_hardwood_095,HUBBARD_BROOK,20,12.802,2.9895,0.6595,0.5116,1.8184,12.39,13.476,2.403,3.0356,0.6740000000000013,0.6738000000000006,0.0,0.0
hubbard_hardwood_095,HUBBARD_BROOK,21,13.1,3.1347,0.6751,0.5426,1.917,12.802,13.79,2.5348,3.1804,0.6899999999999995,0.6895000000000006,0.9,0.3
hubbard_hardwood_095,HUBBARD_BROOK,22,13.365,3.2819,0.6896,0.5583,2.034,13.1,14.069,2.6731,3.3223000000000003,0.7040000000000006,0.7034500000000007,0,0
hubbard_hardwood_095,HUBBARD_BROOK,23,13.586,3.4168000000000003,0.7012,0.5706,2.145,13.365,14.301,2.7969,3.4512,0.7149999999999999,0.7150500000000006,0,0
hubbard_hardwood_095,HUBBARD_BROOK,24,13.842,3.4879,0.7127,0.5696,2.2056,13.586,14.571,2.8659999999999997,3.5327,0.7289999999999992,0.7285500000000006,0.0,0.0
hubbard_hardwood_095,HUBBARD_BROOK,25,14.14,3.5517000000000003,0.7243,0.5778,2.2496,13.842,14.884,2.934,3.6165000000000003,0.7439999999999998,0.7442000000000006,0,0
hubbard_hardwood_095,HUBBARD_BROOK,26,14.341,3.6599,0.7413,0.5952,2.3234,14.14,15.095,2.9966999999999997,3.7065,0.7540000000000013,0.7547500000000007,0,0
hubbard_hardwood_095,HUBBARD_BROOK,27,14.58,3.6997,0.7524,0.597,2.3503,14.341,15.348,3.0366999999999997,3.7409999999999997,0.7680000000000007,0.7674000000000007,0,0
hubbard_hardwood_095,HUBBARD_BROOK,28,14.787,3.8051999999999997,0.7611,0.6191,2.425,14.58,15.565,3.1409000000000002,3.8600000000000003,0.7779999999999987,0.7782500000000007,2.5,1.2
hubbard_hardwood_095,HUBBARD_BROOK,29,15.041,3.9093999999999998,0.7767,0.6266,2.5061,14.787,15.833,3.2159,3.9547,0.7919999999999998,0.7916500000000007,0,0
hubbard_hardwood_095,HUBBARD_BROOK,30,15.237,3.966,0.7856,0.6319,2.5485,15.041,16.039,3.2815,4.0195,0.8020000000000014,0.8019500000000008,3.7,1.1
hubbard_hardwood_095,HUBBARD_BROOK,31,15.456,4.0458,0.7977,0.6434,2.6047,15.237,16.269,3.3486000000000002,4.0944,0.8129999999999988,0.8134500000000007,0,0
hubbard_hardwood_095,HUBBARD_BROOK,32,15.631,4.1049,0.8059,0.6505,2.6485,15.456,16.454,3.3992999999999998,4.1589,0.8230000000000004,0.8227000000000008,2.9,1.8
hubbard_hardwood_095,HUBBARD_BROOK,33,15.824,4.178,0.8194,0.6594,2.6992,15.631,16.657,3.4440999999999997,4.2187,0.8330000000000002,0.8328500000000008,0,0
hubbard_hardwood_095,HUBBARD_BROOK,34,15.929,4.216,0.8231,0.6654,2.7275,15.824,16.768,3.4911,4.258,0.8390000000000004,0.8384000000000008,36.9,38.5
hubbard_hardwood_095,HUBBARD_BROOK,35,16.15,4.2562999999999995,0.8355,0.6679,2.7529,15.929,17.0,3.5210999999999997,4.2946,0.8500000000000014,0.8500000000000008,1.7,0.7
hubbard_hardwood_095,HUBBARD_BROOK,36,16.241,4.3283,0.8394,0.6849,2.804,16.15,17.096,3.5838,4.38,0.8550000000000004,0.8548000000000008,0,0
hubbard_hardwood_095,HUBBARD_BROOK,37,16.418,4.4198,0.8476,0.6928,2.8794,16.241,17.282,3.6795,4.4742999999999995,0.8640000000000008,0.8641000000000008,0,0
hubbard_hardwood_095,HUBBARD_BROOK,38,16.588,4.4428,0.8585,0.6874,2.8969,16.418,17.461,3.6784999999999997,4.4944,0.8729999999999976,0.8730500000000007,0,0
hubbard_hardwood_095,HUBBARD_BROOK,39,16.714,4.4603,0.862,0.6953,2.903,16.588,17.594,3.7053,4.5208,0.8800000000000026,0.8797000000000008,0.4,0.1
hubbard_hardwood_095,HUBBARD_BROOK,40,16.821,4.4727,0.8644,0.6974,2.9109,16.714,17.706,3.738,4.5395,0.884999999999998,0.8853000000000008,0.5,0.1
hubbard_hardwood_095,HUBBARD_BROOK,41,16.914,4.5816,0.8764,0.7161,2.9891,16.821,17.804,3.7941000000000003,4.6257,0.889999999999997,0.8902000000000008,0,0
hubbard_hardwood_095,HUBBARD_BROOK,42,16.993,4.615,0.8795,0.7146,3.0209,16.914,17.887,3.8402,4.66,0.8940000000000019,0.8943500000000009,1.8,0.7
hubbard_hardwood_095,HUBBARD_BROOK,43,17.076,4.648,0.8795,0.7182,3.0503,16.993,17.975,3.8883,4.7057,0.8990000000000009,0.8987500000000008,0,0
hubbard_hardwood_095,HUBBARD_BROOK,44,17.171,4.627,0.8809,0.7089,3.0372,17.076,18.074,3.887,4.7053,0.9030000000000022,0.9037000000000008,80.2,91.9
hubbard_hardwood_095,HUBBARD_BROOK,45,17.212,4.675000000000001,0.8867,0.7213,3.067,17.171,18.118,3.9082999999999997,4.7297,0.9059999999999988,0.9059000000000007,0,0
hubbard_hardwood_095,HUBBARD_BROOK,46,17.283,4.6857999999999995,0.8904,0.7199,3.0755,17.212,18.193,3.9157,4.742,0.9100000000000001,0.9096500000000008,0,0
hubbard_hardwood_095,HUBBARD_BROOK,47,17.36,4.748,0.8928,0.7326,3.1226,17.283,18.274,3.9829,4.8234,0.9140000000000015,0.9137000000000008,0.1,0.0
hubbard_hardwood_095,HUBBARD_BROOK,48,17.546,4.752800000000001,0.9084,0.7229,3.1215,17.36,18.47,3.9424,4.7965,0.9239999999999995,0.9235000000000008,0,0
hubbard_hardwood_095,HUBBARD_BROOK,49,17.661,4.8149999999999995,0.9105,0.7463,3.1582,17.546,18.59,4.0245,4.8801,0.9289999999999985,0.9295000000000008,0.0,0.0
hubbard_hardwood_095,HUBBARD_BROOK,50,17.725,4.8134,0.9143,0.7373,3.1618,17.661,18.658,4.0208,4.8682,0.9329999999999998,0.9329000000000008,0.1,0.0
hubbard_hardwood_095,HUBBARD_BROOK,51,17.863,4.8156,0.9228,0.7394,3.1534,17.725,18.803,4.0054,4.8732,0.9400000000000013,0.9401500000000009,0,0
hubbard_hardwood_095,HUBBARD_BROOK,52,17.895,4.8504,0.9201,0.7532,3.1771,17.863,18.837,4.0584999999999996,4.9288,0.9420000000000002,0.9418500000000009,0.1,0.0
hubbard_hardwood_095,HUBBARD_BROOK,53,17.927,4.9058,0.9265,0.7549,3.2244,17.895,18.87,4.0874,4.9645,0.9430000000000014,0.9435000000000009,0.0,0.0
hubbard_hardwood_095,HUBBARD_BROOK,54,17.928,4.9065,0.9244,0.7521,3.23,17.927,18.872,4.0983,4.9692,0.9439999999999991,0.9436000000000009,0,0
hubbard_hardwood_095,HUBBARD_BROOK,55,17.976,4.9483999999999995,0.9251,0.758,3.2653,17.928,18.922,4.157,5.0143,0.9460000000000015,0.9461000000000008,0,0
hubbard_hardwood_095,HUBBARD_BROOK,56,17.976,4.9664,0.9276,0.7551,3.2837,17.976,18.922,4.1603,5.0334,0.9460000000000015,0.9461000000000008,52.3,53.5
hubbard_hardwood_095,HUBBARD_BROOK,57,18.022,4.9651,0.9273,0.7542,3.2836,17.976,18.971,4.1655999999999995,5.0466,0.9490000000000016,0.9485500000000009,0,0
hubbard_hardwood_095,HUBBARD_BROOK,58,18.121,4.9582,0.9371,0.751,3.2701,18.022,19.074,4.127800000000001,5.0136,0.953000000000003,0.9537000000000009,0,0
hubbard_hardwood_095,HUBBARD_BROOK,59,18.133,4.9552,0.932,0.7604,3.2628,18.121,19.087,4.1657,5.0344,0.9540000000000006,0.9543500000000008,3.8,1.3
hubbard_hardwood_095,HUBBARD_BROOK,60,18.174,5.0087,0.9351,0.7662,3.3074,18.133,19.13,4.2114,5.0767999999999995,0.9559999999999995,0.9565000000000008,0,0
hubbard_hardwood_095,HUBBARD_BROOK,61,18.183,5.004,0.9381,0.7591,3.3068,18.174,19.14,4.1849,5.066599999999999,0.9570000000000007,0.9570000000000008,0.0,0.0
hubbard_hardwood_095,HUBBARD_BROOK,62,18.242,4.9962,0.9393,0.7605,3.2964,18.183,19.202,4.183,5.0703,0.9600000000000009,0.960100000000001,0.5,0.1
hubbard_hardwood_095,HUBBARD_BROOK,63,18.199,5.0636,0.9394,0.7754,3.3488,18.199,19.157,4.2465,5.1296,0.9579999999999984,0.9578500000000009,0.0,0.0
hubbard_hardwood_095,HUBBARD_BROOK,64,18.31,5.1012,0.9441,0.7712,3.3859,18.199,19.274,4.2826,5.1721,0.9640000000000022,0.9637000000000009,0,0
hubbard_hardwood_095,HUBBARD_BROOK,65,18.328,5.11,0.9483,0.7702,3.3915,18.31,19.293,4.2717,5.1647,0.9649999999999999,0.9646500000000008,0.1,0.0
hubbard_hardwood_095,HUBBARD_BROOK,66,18.359,5.1321,0.9479,0.7765,3.4077,18.328,19.326,4.3033,5.1947,0.9669999999999987,0.9663000000000009,1.1,0.5
hubbard_hardwood_095,HUBBARD_BROOK,67,18.359,5.119,0.9487,0.7703,3.4,18.359,19.325,4.2945,5.17,0.9659999999999975,0.9662500000000008,0.9,0.3
hubbard_hardwood_095,HUBBARD_BROOK,68,18.385,5.1283,0.9428,0.7757,3.4098,18.359,19.353,4.3394,5.2202,0.968,0.9676500000000009,0.0,0.0
hubbard_hardwood_095,HUBBARD_BROOK,69,18.423,5.1259,0.9516,0.7674,3.4069,18.385,19.393,4.2876,5.1889,0.9700000000000024,0.9696500000000009,3.1,1.2
hubbard_hardwood_095,HUBBARD_BROOK,70,18.451,5.0906,0.9454,0.7696,3.3756,18.423,19.422,4.3034,5.1756,0.9710000000000001,0.9711000000000009,1.1,0.5
hubbard_hardwood_095,HUBBARD_BROOK,71,18.459,5.1139,0.9532,0.7727,3.388,18.451,19.43,4.2844,5.1734,0.9710000000000001,0.9715000000000008,0,0
hubbard_hardwood_095,HUBBARD_BROOK,72,18.509,5.1299,0.9554,0.7781,3.3964,18.459,19.483,4.299,5.1879,0.9740000000000002,0.9741500000000008,0,0
hubbard_hardwood_095,HUBBARD_BROOK,73,18.545,5.1146,0.9555,0.7746,3.3845,18.509,19.521,4.287599999999999,5.1895,0.9759999999999991,0.9760500000000009,0.6,0.2
hubbard_hardwood_095,HUBBARD_BROOK,74,18.556,5.1190999999999995,0.9579,0.7774,3.3838,18.545,19.533,4.2802999999999995,5.1828,0.9770000000000003,0.9766500000000009,0.0,0.0
hubbard_hardwood_095,HUBBARD_BROOK,75,18.659,5.1691,0.9656,0.7866,3.4169,18.556,19.641,4.3178,5.214,0.9819999999999993,0.9820500000000008,0,0
hubbard_hardwood_095,HUBBARD_BROOK,76,18.642,5.1698,0.9599,0.7865,3.4234,18.642,19.623,4.3465,5.2379999999999995,0.9810000000000016,0.981150000000001,21.2,4.3
hubbard_hardwood_095,HUBBARD_BROOK,77,18.662,5.1879,0.9586,0.7853,3.444,18.642,19.645,4.3713999999999995,5.2745,0.9830000000000005,0.9822500000000008,0.0,0.0
hubbard_hardwood_095,HUBBARD_BROOK,78,18.646,5.2069,0.9603,0.7847,3.4619,18.646,19.628,4.3804,5.2782,0.9819999999999993,0.9814000000000008,0,0
hubbard_hardwood_095,HUBBARD_BROOK,79,18.658,5.1791,0.9624,0.7777,3.439,18.646,19.64,4.3514,5.2448999999999995,0.9819999999999993,0.9820000000000009,0.2,0.1
hubbard_hardwood_095,HUBBARD_BROOK,80,18.649,5.1772,0.961,0.7835,3.4327,18.649,19.631,4.3499,5.2475000000000005,0.9819999999999993,0.9815500000000009,0.1,0.0
hubbard_hardwood_095,HUBBARD_BROOK,81,18.676,5.1708,0.9609,0.7815,3.4284,18.649,19.659,4.3507,5.2447,0.9830000000000005,0.9829500000000008,2.2,0.9
hubbard_hardwood_095,HUBBARD_BROOK,82,18.696,5.1499,0.9629,0.7781,3.4089,18.676,19.68,4.3208,5.2273,0.9839999999999982,0.9840000000000009,3.5,1.4
hubbard_hardwood_095,HUBBARD_BROOK,83,18.703,5.1548,0.9636,0.7836,3.4076,18.696,19.688,4.3284,5.2171,0.9849999999999994,0.9844000000000008,0,0
hubbard_hardwood_095,HUBBARD_BROOK,84,18.723,5.1662,0.9633,0.7857,3.4172,18.703,19.708,4.3484,5.2303,0.9849999999999994,0.9854000000000008,0,0
hubbard_hardwood_095,HUBBARD_BROOK,85,18.667,5.1857,0.9655,0.787,3.4332,18.667,19.649,4.3399,5.2344,0.9819999999999993,0.9824500000000009,0,0
hubbard_hardwood_095,HUBBARD_BROOK,86,18.703,5.1495999999999995,0.9647,0.7792,3.4057,18.667,19.688,4.3207,5.2076,0.9849999999999994,0.9844000000000008,0,0
hubbard_hardwood_095,HUBBARD_BROOK,87,18.735,5.1998,0.9706,0.7923,3.4369,18.703,19.721,4.3362,5.2471,0.9860000000000007,0.9860500000000009,0,0
hubbard_hardwood_095,HUBBARD_BROOK,88,18.792,5.1959,0.9691,0.789,3.4378,18.735,19.781,4.3505,5.2699,0.9889999999999972,0.9890500000000009,1.7,0.7
hubbard_hardwood_095,HUBBARD_BROOK,89,18.79,5.1917,0.9688,0.7876,3.4353,18.79,19.779,4.3528,5.2588,0.9890000000000008,0.9889500000000009,1.3,0.6
hubbard_hardwood_095,HUBBARD_BROOK,90,18.835,5.2083,0.9696,0.791,3.4477,18.79,19.826,4.3731,5.2838,0.9909999999999997,0.991300000000001,37.7,29.6
hubbard_hardwood_095,HUBBARD_BROOK,91,18.89,5.2092,0.977,0.7879,3.4443,18.835,19.884,4.3451,5.2722,0.9939999999999998,0.9942000000000009,0,0
hubbard_hardwood_095,HUBBARD_BROOK,92,18.886,5.2881,0.9739,0.8091,3.5051,18.886,19.88,4.4528,5.357,0.9939999999999998,0.9940000000000009,0.1,0.1
hubbard_hardwood_095,HUBBARD_BROOK,93,18.88,5.2918,0.971,0.7957,3.5251,18.88,19.874,4.4677999999999995,5.3735,0.9939999999999998,0.9937000000000008,1.3,0.5
hubbard_hardwood_095,HUBBARD_BROOK,94,18.978,5.2702,0.9756,0.788,3.5066,18.88,19.977,4.4392,5.3497,0.9989999999999988,0.9988500000000009,0,0
hubbard_hardwood_095,HUBBARD_BROOK,95,18.951,5.2890999999999995,0.978,0.7981,3.513,18.951,19.948,4.4366,5.3566,0.9969999999999999,0.997400000000001,0,0
hubbard_hardwood_095,HUBBARD_BROOK,96,18.888,5.3012,0.9746,0.8001,3.5265,18.888,19.882,4.4543,5.370900000000001,0.9939999999999998,0.994100000000001,0,0
hubbard_hardwood_095,HUBBARD_BROOK,97,18.868,5.2957,0.9706,0.7952,3.5299,18.868,19.861,4.4693000000000005,5.3756,0.9930000000000021,0.9930500000000009,0.0,0.0
hubbard_hardwood_095,HUBBARD_BROOK,98,18.802,5.3119,0.9685,0.7961,3.5473,18.802,19.792,4.4796,5.3864,0.990000000000002,0.9896000000000009,0.5,0.1
hubbard_hardwood_095,HUBBARD_BROOK,99,18.826,5.2726999999999995,0.9702,0.7845,3.518,18.802,19.816,4.4385,5.3367,0.9899999999999984,0.9908000000000008,0,0
hubbard_hardwood_095,HUBBARD_BROOK,100,18.745,5.271,0.9628,0.7928,3.5154,18.745,19.732,4.4601,5.3604,0.9869999999999983,0.9866000000000008,0,0
hubbard_hardwood_092,HUBBARD_BROOK,1,2.212,1.3113,0.1883,1.123,0.0,1.382,2.404,1.1574,1.3816,0.19199999999999973,0.1923199999999999,0.2,0.1
hubbard_hardwood_092,HUBBARD_BROOK,2,2.948,1.3195999999999999,0.2516,0.1534,0.9146,2.212,3.205,1.1001,1.3344,0.2570000000000001,0.25639999999999985,0.4,0.2
hubbard_hardwood_092,HUBBARD_BROOK,3,3.595,1.3872,0.3062,0.2061,0.8749,2.948,3.908,1.1159,1.4033,0.3129999999999997,0.31263999999999986,0,0
hubbard_hardwood_092,HUBBARD_BROOK,4,4.23,1.4999,0.3608,0.2515,0.8876,3.595,4.598,1.1709,1.5178,0.36799999999999944,0.3678399999999998,0,0
hubbard_hardwood_092,HUBBARD_BROOK,5,4.801,1.6246,0.4077,0.2928,0.9241,4.23,5.218,1.2583,1.651,0.4169999999999998,0.4174399999999998,0.5,0.2
hubbard_hardwood_092,HUBBARD_BROOK,6,5.366,1.7743,0.4576,0.3304,0.9863,4.801,5.833,1.3545,1.7968,0.4670000000000005,0.4666399999999998,0.0,0.0
hubbard_hardwood_092,HUBBARD_BROOK,7,5.836,1.9630999999999998,0.4979,0.3779,1.0873,5.366,6.344,1.5087000000000002,1.9862000000000002,0.508,0.5075199999999997,0,0
hubbard_hardwood_092,HUBBARD_BROOK,8,6.324,2.1256,0.5389,0.4025,1.1842,5.836,6.874,1.6356000000000002,2.1549,0.5499999999999998,0.5499199999999997,0,0
hubbard_hardwood_092,HUBBARD_BROOK,9,6.743,2.3183000000000002,0.5746,0.4421,1.3016,6.324,7.329,1.7926,2.3481,0.5859999999999994,0.5863199999999997,0.0,0.0
hubbard_hardwood_092,HUBBARD_BROOK,10,7.121,2.5265,0.6076,0.4756,1.4433,6.743,7.74,1.9740000000000002,2.5559,0.6189999999999998,0.6191999999999998,3.1,1.8
hubbard_hardwood_092,HUBBARD_BROOK,11,7.483,2.7024,0.6365,0.4968,1.5691,7.121,8.134,2.1311,2.7375,0.6510000000000007,0.6507199999999997,0,0
hubbard_hardwood_092,HUBBARD_BROOK,12,7.778,2.8595,0.6631,0.5174,1.679,7.483,8.454,2.261,2.8956999999999997,0.676000000000001,0.6763199999999997,1.9,0.7
hubbard_hardwood_092,HUBBARD_BROOK,13,8.064,3.0304,0.6875,0.5433,1.7996,7.778,8.765,2.412,3.0682,0.7010000000000005,0.7011999999999997,0.0,0.0
hubbard_hardwood_092,HUBBARD_BROOK,14,8.346,3.1681999999999997,0.7105,0.5576,1.9001,8.064,9.072,2.5404,3.2089,0.7259999999999991,0.7257599999999995,0.1,0.0
hubbard_hardwood_092,HUBBARD_BROOK,15,8.63,3.3186999999999998,0.7348,0.5795,2.0044,8.346,9.38,2.6625,3.3619000000000003,0.75,0.7503999999999997,0.2,0.1
hubbard_hardwood_092,HUBBARD_BROOK,16,8.817,3.4337,0.7472,0.5948,2.0917,8.63,9.583,2.7885999999999997,3.4877000000000002,0.766,0.7666399999999997,0.8,0.3
hubbard_hardwood_092,HUBBARD_BROOK,17,9.054,3.5460000000000003,0.7704,0.604,2.1716,8.817,9.841,2.8649,3.5962,0.786999999999999,0.7872799999999995,0.0,0.0
hubbard_hardwood_092,HUBBARD_BROOK,18,9.298,3.6768,0.7937,0.6264,2.2567,9.054,10.106,2.9661999999999997,3.7127999999999997,0.8079999999999998,0.8084799999999995,0.0,0.0
hubbard_hardwood_092,HUBBARD_BROOK,19,9.461,3.7767,0.8032,0.6419,2.3316,9.298,10.283,3.0774,3.8383000000000003,0.8219999999999992,0.8226399999999996,0,0
hubbard_hardwood_092,HUBBARD_BROOK,20,9.703,3.8599,0.8259,0.6453,2.3887,9.461,10.547,3.1291,3.9193,0.8440000000000012,0.8437599999999996,0.0,0.0
hubbard_hardwood_092,HUBBARD_BROOK,21,9.836,4.0121,0.8374,0.6793,2.4954,9.703,10.691,3.2719,4.0706,0.8550000000000004,0.8552799999999996,0.9,0.3
hubbard_hardwood_092,HUBBARD_BROOK,22,9.94,4.1642,0.8473,0.6923,2.6246,9.836,10.804,3.4203,4.2153,0.8640000000000008,0.8643199999999996,0,0
hubbard_hardwood_092,HUBBARD_BROOK,23,10.006,4.3018,0.8532,0.7017,2.7469,9.94,10.876,3.5519,4.3451,0.8699999999999992,0.8700799999999995,0,0
hubbard_hardwood_092,HUBBARD_BROOK,24,10.111,4.353899999999999,0.8602,0.693,2.8007,10.006,10.991,3.6081,4.4094999999999995,0.879999999999999,0.8792799999999995,0.0,0.0
hubbard_hardwood_092,HUBBARD_BROOK,25,10.261,4.399,0.8683,0.6976,2.8331,10.111,11.153,3.6637999999999997,4.4794,0.8920000000000012,0.8922399999999996,0,0
hubbard_hardwood_092,HUBBARD_BROOK,26,10.319,4.4906999999999995,0.8812,0.7125,2.897,10.261,11.216,3.7061,4.5479,0.8969999999999985,0.8972799999999995,0,0
hubbard_hardwood_092,HUBBARD_BROOK,27,10.42,4.5043,0.8884,0.7096,2.9063,10.319,11.326,3.7256,4.5546,0.9060000000000006,0.9060799999999996,0,0
hubbard_hardwood_092,HUBBARD_BROOK,28,10.492,4.5999,0.8923,0.7313,2.9763,10.42,11.405,3.8254,4.666,0.9129999999999985,0.9123999999999995,2.5,1.2
hubbard_hardwood_092,HUBBARD_BROOK,29,10.615,4.6962,0.9056,0.7353,3.0553,10.492,11.538,3.8915,4.7508,0.923,0.9230399999999995,0,0
hubbard_hardwood_092,HUBBARD_BROOK,30,10.684,4.730700000000001,0.9101,0.7368,3.0838,10.615,11.613,3.942,4.7946,0.9290000000000003,0.9290399999999995,3.7,1.1
hubbard_hardwood_092,HUBBARD_BROOK,31,10.779,4.7917000000000005,0.9191,0.745,3.1276,10.684,11.716,3.9924999999999997,4.8494,0.9369999999999994,0.9372799999999994,0,0
hubbard_hardwood_092,HUBBARD_BROOK,32,10.835,4.8297,0.9229,0.7494,3.1574,10.779,11.777,4.0257000000000005,4.8933,0.9419999999999984,0.9421599999999994,2.9,1.8
hubbard_hardwood_092,HUBBARD_BROOK,33,10.912,4.8876,0.9335,0.7556,3.1985,10.835,11.861,4.0546999999999995,4.9353,0.9489999999999998,0.9488799999999996,0,0
hubbard_hardwood_092,HUBBARD_BROOK,34,10.907,4.9,0.9312,0.758,3.2108,10.907,11.855,4.0837,4.9488,0.9480000000000004,0.9483999999999996,36.9,38.5
hubbard_hardwood_092,HUBBARD_BROOK,35,11.019,4.9174999999999995,0.9419,0.7555,3.2201,10.907,11.977,4.0918,4.9614,0.9580000000000002,0.9581599999999996,1.7,0.7
hubbard_hardwood_092,HUBBARD_BROOK,36,11.008,4.9725,0.94,0.7724,3.2601,11.008,11.965,4.1422,5.0319,0.9570000000000007,0.9571999999999995,0,0
hubbard_hardwood_092,HUBBARD_BROOK,37,11.085,5.045,0.9456,0.775,3.3244,11.008,12.049,4.2224,5.107,0.9639999999999986,0.9639199999999994,0,0
hubbard_hardwood_092,HUBBARD_BROOK,38,11.158,5.0449,0.954,0.7668,3.3241,11.085,12.128,4.1982,5.1034999999999995,0.9700000000000006,0.9702399999999995,0,0
hubbard_hardwood_092,HUBBARD_BROOK,39,11.19,5.0395,0.9535,0.7727,3.3133,11.158,12.163,4.2075,5.1078,0.9730000000000008,0.9730399999999996,0.4,0.1
hubbard_hardwood_092,HUBBARD_BROOK,40,11.208,5.028,0.9516,0.7713,3.3051,11.19,12.183,4.2229,5.1030999999999995,0.9749999999999996,0.9746399999999995,0.5,0.1
hubbard_hardwood_092,HUBBARD_BROOK,41,11.216,5.1235,0.9602,0.788,3.3753,11.208,12.191,4.2633,5.1728,0.9750000000000014,0.9752799999999996,0,0
hubbard_hardwood_092,HUBBARD_BROOK,42,11.214,5.1358,0.9589,0.7828,3.3941,11.214,12.189,4.2941,5.1859,0.9749999999999996,0.9751199999999995,1.8,0.7
hubbard_hardwood_092,HUBBARD_BROOK,43,11.22,5.1484000000000005,0.9548,0.783,3.4106,11.214,12.196,4.3269,5.2123,0.9759999999999991,0.9756799999999994,0,0
hubbard_hardwood_092,HUBBARD_BROOK,44,11.241,5.1015,0.9528,0.7694,3.3793,11.22,12.219,4.3048,5.1878,0.9779999999999998,0.9775199999999995,80.2,91.9
hubbard_hardwood_092,HUBBARD_BROOK,45,11.214,5.1312,0.9544,0.7801,3.3967,11.214,12.189,4.3092,5.1914,0.9749999999999996,0.9751199999999995,0,0
hubbard_hardwood_092,HUBBARD_BROOK,46,11.218,5.1206,0.9549,0.7748,3.3909,11.214,12.194,4.2978000000000005,5.1821,0.9760000000000009,0.9755199999999996,0,0
hubbard_hardwood_092,HUBBARD_BROOK,47,11.233,5.1662,0.9544,0.7855,3.4263,11.218,12.209,4.3512,5.248,0.9759999999999991,0.9767199999999995,0.1,0.0
hubbard_hardwood_092,HUBBARD_BROOK,48,11.355,5.1539,0.9712,0.7727,3.41,11.233,12.342,4.2896,5.201499999999999,0.9870000000000001,0.9873599999999996,0,0
hubbard_hardwood_092,HUBBARD_BROOK,49,11.407,5.2058,0.9716,0.7979,3.4363,11.355,12.399,4.3645,5.2761,0.9919999999999991,0.9919199999999995,0.0,0.0
hubbard_hardwood_092,HUBBARD_BROOK,50,11.412,5.1876,0.9725,0.7867,3.4284,11.407,12.404,4.3466000000000005,5.2467999999999995,0.9919999999999991,0.9923199999999995,0.1,0.0
hubbard_hardwood_092,HUBBARD_BROOK,51,11.49,5.1754,0.9807,0.7864,3.4083,11.412,12.49,4.3161,5.2374,1.0,0.9991999999999995,0,0
hubbard_hardwood_092,HUBBARD_BROOK,52,11.467,5.1981,0.9741,0.8004,3.4236,11.467,12.464,4.3619,5.2822,0.9969999999999999,0.9971199999999996,0.1,0.0
hubbard_hardwood_092,HUBBARD_BROOK,53,11.447,5.2405,0.9774,0.7989,3.4642,11.447,12.443,4.3788,5.3031999999999995,0.9960000000000004,0.9954399999999994,0.0,0.0
hubbard_hardwood_092,HUBBARD_BROOK,54,11.401,5.2247,0.9712,0.7934,3.4601,11.401,12.392,4.3777,5.2914,0.9909999999999997,0.9913599999999995,0,0
hubbard_hardwood_092,HUBBARD_BROOK,55,11.403,5.256,0.9696,0.7968,3.4896,11.401,12.395,4.4289000000000005,5.326,0.9919999999999991,0.9915999999999995,0,0
hubbard_hardwood_092,HUBBARD_BROOK,56,11.361,5.2585999999999995,0.9687,0.7914,3.4985,11.361,12.349,4.4190000000000005,5.3294,0.9879999999999995,0.9879199999999996,52.3,53.5
hubbard_hardwood_092,HUBBARD_BROOK,57,11.368,5.2412,0.9664,0.7875,3.4873,11.361,12.356,4.41,5.3271,0.9879999999999995,0.9884799999999995,0,0
hubbard_hardwood_092,HUBBARD_BROOK,58,11.426,5.221,0.9763,0.7827,3.462,11.368,12.42,4.3573,5.2793,0.9939999999999998,0.9935999999999995,0,0
hubbard_hardwood_092,HUBBARD_BROOK,59,11.401,5.2046,0.9682,0.7922,3.4442,11.401,12.393,4.3866,5.2878,0.9920000000000009,0.9914399999999995,3.8,1.3
hubbard_hardwood_092,HUBBARD_BROOK,60,11.407,5.2477,0.9697,0.7958,3.4822,11.401,12.399,4.4228000000000005,5.3191999999999995,0.9919999999999991,0.9919199999999995,0,0
hubbard_hardwood_092,HUBBARD_BROOK,61,11.384,5.2292000000000005,0.9703,0.787,3.4719,11.384,12.374,4.3835999999999995,5.2946,0.9900000000000002,0.9899199999999996,0.0,0.0
hubbard_hardwood_092,HUBBARD_BROOK,62,11.41,5.2097,0.9707,0.7866,3.4524,11.384,12.403,4.3708,5.2871,0.9930000000000003,0.9922399999999996,0.5,0.1
hubbard_hardwood_092,HUBBARD_BROOK,63,11.34,5.2653,0.967,0.8009,3.4974,11.34,12.326,4.4258,5.3342,0.9860000000000007,0.9860799999999995,0.0,0.0
hubbard_hardwood_092,HUBBARD_BROOK,64,11.421,5.2943999999999996,0.9729,0.7937,3.5278,11.34,12.414,4.452,5.368,0.9930000000000003,0.9931199999999994,0,0
hubbard_hardwood_092,HUBBARD_BROOK,65,11.412,5.2939,0.9755,0.7936,3.5248,11.412,12.404,4.4326,5.3505,0.9919999999999991,0.9923199999999995,0.1,0.0
hubbard_hardwood_092,HUBBARD_BROOK,66,11.416,5.3084,0.9739,0.7987,3.5358,11.412,12.409,4.458,5.3731,0.9930000000000003,0.9927199999999996,1.1,0.5
hubbard_hardwood_092,HUBBARD_BROOK,67,11.391,5.286,0.9725,0.7914,3.5221,11.391,12.382,4.4419,5.3387,0.9909999999999997,0.9905599999999994,0.9,0.3
hubbard_hardwood_092,HUBBARD_BROOK,68,11.394,5.2868,0.9654,0.7951,3.5263,11.391,12.385,4.4802,5.3814,0.9909999999999997,0.9907999999999995,0.0,0.0
hubbard_hardwood_092,HUBBARD_BROOK,69,11.41,5.2768999999999995,0.9737,0.7858,3.5174,11.394,12.402,4.4199,5.341600000000001,0.9919999999999991,0.9921599999999995,3.1,1.2
hubbard_hardwood_092,HUBBARD_BROOK,70,11.416,5.2332,0.9664,0.7874,3.4794,11.41,12.409,4.4298,5.3208,0.9930000000000003,0.9927199999999996,1.1,0.5
hubbard_hardwood_092,HUBBARD_BROOK,71,11.404,5.2501,0.9729,0.7899,3.4873,11.404,12.395,4.4042,5.3113,0.9909999999999997,0.9915999999999995,0,0
hubbard_hardwood_092,HUBBARD_BROOK,72,11.434,5.2606,0.9751,0.7942,3.4913,11.404,12.428,4.4134,5.3202,0.9940000000000015,0.9942399999999996,0,0
hubbard_hardwood_092,HUBBARD_BROOK,73,11.45,5.2394,0.9747,0.7905,3.4742,11.434,12.446,4.3964,5.3163,0.9960000000000004,0.9956799999999995,0.6,0.2
hubbard_hardwood_092,HUBBARD_BROOK,74,11.443,5.238,0.976,0.7929,3.4691,11.443,12.438,4.3839,5.3031,0.995000000000001,0.9950399999999996,0.0,0.0
hubbard_hardwood_092,HUBBARD_BROOK,75,11.525,5.2863999999999995,0.9855,0.8014,3.4995,11.443,12.528,4.4178,5.3325,1.0030000000000001,1.0022399999999996,0,0
hubbard_hardwood_092,HUBBARD_BROOK,76,11.491,5.283,0.9776,0.8026,3.5028,11.491,12.49,4.4452,5.3527000000000005,0.9990000000000006,0.9991999999999995,21.2,4.3
hubbard_hardwood_092,HUBBARD_BROOK,77,11.494,5.2969,0.9754,0.7997,3.5218,11.491,12.493,4.4666,5.3853,0.9990000000000006,0.9994399999999996,0.0,0.0
hubbard_hardwood_092,HUBBARD_BROOK,78,11.463,5.3104,0.9753,0.7983,3.5368,11.463,12.459,4.4717,5.3831,0.9960000000000004,0.9967199999999995,0,0
hubbard_hardwood_092,HUBBARD_BROOK,79,11.46,5.277,0.9766,0.7899,3.5105,11.46,12.457,4.4376999999999995,5.3441,0.9969999999999999,0.9965599999999996,0.2,0.1
hubbard_hardwood_092,HUBBARD_BROOK,80,11.438,5.2696,0.9738,0.795,3.5008,11.438,12.432,4.4322,5.3412,0.9939999999999998,0.9945599999999996,0.1,0.0
hubbard_hardwood_092,HUBBARD_BROOK,81,11.452,5.2585,0.9735,0.7918,3.4932,11.438,12.448,4.4283,5.3337,0.9960000000000004,0.9958399999999995,2.2,0.9
hubbard_hardwood_092,HUBBARD_BROOK,82,11.459,5.2328,0.975,0.7883,3.4695,11.452,12.456,4.3937,5.3116,0.9969999999999999,0.9964799999999995,3.5,1.4
hubbard_hardwood_092,HUBBARD_BROOK,83,11.455,5.2337,0.9751,0.7935,3.4651,11.455,12.451,4.3981,5.2969,0.9960000000000004,0.9960799999999995,0,0
hubbard_hardwood_092,HUBBARD_BROOK,84,11.463,5.2416,0.9744,0.795,3.4722,11.455,12.46,4.4149,5.3067,0.9970000000000017,0.9967999999999996,0,0
hubbard_hardwood_092,HUBBARD_BROOK,85,11.398,5.2559,0.9741,0.796,3.4858,11.398,12.39,4.4032,5.3052,0.9920000000000009,0.9911999999999995,0,0
hubbard_hardwood_092,HUBBARD_BROOK,86,11.426,5.2152,0.9737,0.7861,3.4554,11.398,12.419,4.3791,5.2737,0.9930000000000003,0.9935199999999995,0,0
hubbard_hardwood_092,HUBBARD_BROOK,87,11.447,5.2611,0.9798,0.7994,3.4819,11.426,12.443,4.3895,5.309,0.9960000000000004,0.9954399999999994,0,0
hubbard_hardwood_092,HUBBARD_BROOK,88,11.494,5.2559000000000005,0.9793,0.7965,3.4801,11.447,12.494,4.4018,5.3309,1.0,0.9995199999999995,1.7,0.7
hubbard_hardwood_092,HUBBARD_BROOK,89,11.483,5.2499,0.9782,0.7959,3.4758,11.483,12.481,4.4030000000000005,5.3177,0.9979999999999993,0.9984799999999995,1.3,0.6
hubbard_hardwood_092,HUBBARD_BROOK,90,11.517,5.2657,0.9796,0.7986,3.4875,11.483,12.519,4.4221,5.3421,1.0020000000000007,1.0015199999999995,37.7,29.6
hubbard_hardwood_092,HUBBARD_BROOK,91,11.561,5.2668,0.9879,0.796,3.4829,11.517,12.566,4.393,5.3304,1.0050000000000008,1.0052799999999995,0,0
hubbard_hardwood_092,HUBBARD_BROOK,92,11.548,5.3462,0.9838,0.8183,3.5441,11.548,12.552,4.5024,5.4158,1.0039999999999996,1.0041599999999995,0.1,0.1
hubbard_hardwood_092,HUBBARD_BROOK,93,11.532,5.3481,0.9799,0.8038,3.5644,11.532,12.535,4.5168,5.4306,1.0030000000000001,1.0027999999999995,1.3,0.5
hubbard_hardwood_092,HUBBARD_BROOK,94,11.619,5.3269,0.9868,0.7952,3.5449,11.532,12.629,4.4862,5.4073,1.0099999999999998,1.0103199999999994,0,0
hubbard_hardwood_092,HUBBARD_BROOK,95,11.582,5.3449,0.9876,0.8072,3.5501,11.582,12.589,4.4842,5.4131,1.0069999999999997,1.0071199999999996,0,0
hubbard_hardwood_092,HUBBARD_BROOK,96,11.512,5.3534999999999995,0.9814,0.8078,3.5643,11.512,12.513,4.5012,5.424,1.0009999999999994,1.0010399999999995,0,0
hubbard_hardwood_092,HUBBARD_BROOK,97,11.486,5.3441,0.9763,0.8007,3.5671,11.486,12.485,4.5134,5.4246,0.9989999999999988,0.9987999999999995,0.0,0.0
hubbard_hardwood_092,HUBBARD_BROOK,98,11.417,5.3543,0.9716,0.8007,3.582,11.417,12.41,4.5202,5.4295,0.9930000000000003,0.9927999999999995,0.5,0.1
hubbard_hardwood_092,HUBBARD_BROOK,99,11.437,5.3108,0.9739,0.787,3.5499,11.417,12.431,4.4738999999999995,5.3753,0.9939999999999998,0.9944799999999995,0,0
hubbard_hardwood_092,HUBBARD_BROOK,100,11.355,5.3027999999999995,0.9636,0.7957,3.5435,11.355,12.343,4.4921999999999995,5.3927000000000005,0.9879999999999995,0.9874399999999995,0,0
santee_constant,SANTEE,1,0.164,1.3816,1.3816,0.0,0.0,0.164,0.164,1.3816,1.3816,0.0,0.0,0,0
santee_constant,SANTEE,2,0.164,1.3816,1.3816,0.0,0.0,0.164,0.164,1.3816,1.3816,0.0,0.0,4.1,0.0
santee_constant,SANTEE,3,0.164,1.3817,1.3817,0.0,0.0,0.164,0.164,1.3816,1.3817,0.0,0.0,29.6,0.0
santee_constant,SANTEE,4,0.164,1.3817,1.3817,0.0,0.0,0.164,0.164,1.3817,1.3817,0.0,0.0,30.3,0.0
santee_constant,SANTEE,5,0.164,1.3817,1.3817,0.0,0.0,0.164,0.164,1.3817,1.3817,0.0,0.0,0,0
santee_constant,SANTEE,6,0.164,1.3818,1.3818,0.0,0.0,0.164,0.164,1.3817,1.3818,0.0,0.0,121.6,0.0
santee_constant,SANTEE,7,0.164,1.3818,1.3818,0.0,0.0,0.164,0.164,1.3818,1.3818,0.0,0.0,1.8,0.0
santee_constant,SANTEE,8,0.164,1.3818,1.3818,0.0,0.0,0.164,0.164,1.3818,1.3818,0.0,0.0,28.9,0.0
santee_constant,SANTEE,9,0.164,1.3819,1.3819,0.0,0.0,0.164,0.164,1.3818,1.3819,0.0,0.0,37.2,0.0
santee_constant,SANTEE,10,0.164,1.3819,1.3819,0.0,0.0,0.164,0.164,1.3819,1.3819,0.0,0.0,29.9,0.0
santee_constant,SANTEE,11,0.164,1.382,1.382,0.0,0.0,0.164,0.164,1.3819,1.382,0.0,0.0,0.1,0.0
santee_constant,SANTEE,12,0.164,1.382,1.382,0.0,0.0,0.164,0.164,1.382,1.382,0.0,0.0,23.6,0.0
santee_constant,SANTEE,13,0.164,1.382,1.382,0.0,0.0,0.164,0.164,1.382,1.382,0.0,0.0,0.0,0.0
santee_constant,SANTEE,14,0.164,1.3821,1.3821,0.0,0.0,0.164,0.164,1.382,1.3821,0.0,0.0,17.7,0.0
santee_constant,SANTEE,15,0.164,1.3821,1.3821,0.0,0.0,0.164,0.164,1.3821,1.3821,0.0,0.0,0,0
santee_constant,SANTEE,16,0.164,1.3821,1.3821,0.0,0.0,0.164,0.164,1.3821,1.3821,0.0,0.0,17.9,0.0
santee_constant,SANTEE,17,0.164,1.3822,1.3822,0.0,0.0,0.164,0.164,1.3821,1.3822,0.0,0.0,0,0
santee_constant,SANTEE,18,0.164,1.3822,1.3822,0.0,0.0,0.164,0.164,1.3822,1.3822,0.0,0.0,14.0,0.0
santee_constant,SANTEE,19,0.164,1.3822,1.3822,0.0,0.0,0.164,0.164,1.3822,1.3822,0.0,0.0,3.5,0.0
santee_constant,SANTEE,20,0.164,1.3823,1.3823,0.0,0.0,0.164,0.164,1.3822,1.3823,0.0,0.0,0.0,0.0
santee_constant,SANTEE,21,0.164,1.3823,1.3823,0.0,0.0,0.164,0.164,1.3823,1.3823,0.0,0.0,0,0
santee_constant,SANTEE,22,0.164,1.3824,1.3824,0.0,0.0,0.164,0.164,1.3823,1.3824,0.0,0.0,44.0,0.0
santee_constant,SANTEE,23,0.164,1.3824,1.3824,0.0,0.0,0.164,0.164,1.3824,1.3824,0.0,0.0,36.5,0.0
santee_constant,SANTEE,24,0.164,1.3824,1.3824,0.0,0.0,0.164,0.164,1.3824,1.3824,0.0,0.0,0,0
santee_constant,SANTEE,25,0.164,1.3825,1.3825,0.0,0.0,0.164,0.164,1.3824,1.3825,0.0,0.0,0,0
santee_constant,SANTEE,26,0.164,1.3825,1.3825,0.0,0.0,0.164,0.164,1.3825,1.3825,0.0,0.0,114.10000000000001,0.0
santee_constant,SANTEE,27,0.164,1.3825,1.3825,0.0,0.0,0.164,0.164,1.3825,1.3825,0.0,0.0,55.6,0.0
santee_constant,SANTEE,28,0.164,1.3826,1.3826,0.0,0.0,0.164,0.164,1.3825,1.3826,0.0,0.0,0,0
santee_constant,SANTEE,29,0.164,1.3826,1.3826,0.0,0.0,0.164,0.164,1.3826,1.3826,0.0,0.0,33.8,0.0
santee_constant,SANTEE,30,0.164,1.3826,1.3826,0.0,0.0,0.164,0.164,1.3826,1.3826,0.0,0.0,0,0
santee_constant,SANTEE,31,0.164,1.3827,1.3827,0.0,0.0,0.164,0.164,1.3826,1.3827,0.0,0.0,8.2,0.0
santee_constant,SANTEE,32,0.164,1.3827,1.3827,0.0,0.0,0.164,0.164,1.3827,1.3827,0.0,0.0,0,0
santee_constant,SANTEE,33,0.164,1.3828,1.3828,0.0,0.0,0.164,0.164,1.3827,1.3828,0.0,0.0,0,0
santee_constant,SANTEE,34,0.164,1.3828,1.3828,0.0,0.0,0.164,0.164,1.3828,1.3828,0.0,0.0,98.7,0.0
santee_constant,SANTEE,35,0.164,1.3828,1.3828,0.0,0.0,0.164,0.164,1.3828,1.3828,0.0,0.0,0,0
santee_constant,SANTEE,36,0.164,1.3829,1.3829,0.0,0.0,0.164,0.164,1.3828,1.3829,0.0,0.0,0,0
santee_constant,SANTEE,37,0.164,1.3829,1.3829,0.0,0.0,0.164,0.164,1.3829,1.3829,0.0,0.0,14.1,0.0
santee_constant,SANTEE,38,0.164,1.3829,1.3829,0.0,0.0,0.164,0.164,1.3829,1.3829,0.0,0.0,0.4,0.0
santee_constant,SANTEE,39,0.164,1.383,1.383,0.0,0.0,0.164,0.164,1.3829,1.383,0.0,0.0,21.8,0.0
santee_constant,SANTEE,40,0.164,1.383,1.383,0.0,0.0,0.164,0.164,1.383,1.383,0.0,0.0,24.0,0.0
santee_constant,SANTEE,41,0.164,1.383,1.383,0.0,0.0,0.164,0.164,1.383,1.383,0.0,0.0,0,0
santee_constant,SANTEE,42,0.164,1.3831,1.3831,0.0,0.0,0.164,0.164,1.383,1.3831,0.0,0.0,3.5,0.0
santee_constant,SANTEE,43,0.164,1.3831,1.3831,0.0,0.0,0.164,0.164,1.3831,1.3831,0.0,0.0,0,0
santee_constant,SANTEE,44,0.164,1.3832,1.3832,0.0,0.0,0.164,0.164,1.3831,1.3832,0.0,0.0,21.5,0.0
santee_constant,SANTEE,45,0.164,1.3832,1.3832,0.0,0.0,0.164,0.164,1.3832,1.3832,0.0,0.0,88.5,0.0
santee_constant,SANTEE,46,0.164,1.3832,1.3832,0.0,0.0,0.164,0.164,1.3832,1.3832,0.0,0.0,0,0
santee_constant,SANTEE,47,0.164,1.3833,1.3833,0.0,0.0,0.164,0.164,1.3832,1.3833,0.0,0.0,30.1,0.0
santee_constant,SANTEE,48,0.164,1.3833,1.3833,0.0,0.0,0.164,0.164,1.3833,1.3833,0.0,0.0,13.3,0.0
santee_constant,SANTEE,49,0.164,1.3833,1.3833,0.0,0.0,0.164,0.164,1.3833,1.3833,0.0,0.0,42.6,0.0
santee_constant,SANTEE,50,0.164,1.3834,1.3834,0.0,0.0,0.164,0.164,1.3833,1.3834,0.0,0.0,102.0,0.0
santee_constant,SANTEE,51,0.164,1.3834,1.3834,0.0,0.0,0.164,0.164,1.3834,1.3834,0.0,0.0,3.6,0.0
santee_constant,SANTEE,52,0.164,1.3835,1.3835,0.0,0.0,0.164,0.164,1.3834,1.3835,0.0,0.0,115.1,0.0
santee_constant,SANTEE,53,0.164,1.3835,1.3835,0.0,0.0,0.164,0.164,1.3835,1.3835,0.0,0.0,0,0
santee_constant,SANTEE,54,0.164,1.3835,1.3835,0.0,0.0,0.164,0.164,1.3835,1.3835,0.0,0.0,22.1,0.0
santee_constant,SANTEE,55,0.164,1.3836,1.3836,0.0,0.0,0.164,0.164,1.3835,1.3836,0.0,0.0,0,0
santee_constant,SANTEE,56,0.164,1.3836,1.3836,0.0,0.0,0.164,0.164,1.3836,1.3836,0.0,0.0,1.6,0.0
santee_constant,SANTEE,57,0.164,1.3836,1.3836,0.0,0.0,0.164,0.164,1.3836,1.3836,0.0,0.0,20.2,0.0
santee_constant,SANTEE,58,0.164,1.3837,1.3837,0.0,0.0,0.164,0.164,1.3836,1.3837,0.0,0.0,0,0
santee_constant,SANTEE,59,0.164,1.3837,1.3837,0.0,0.0,0.164,0.164,1.3837,1.3837,0.0,0.0,0,0
santee_constant,SANTEE,60,0.164,1.3837,1.3837,0.0,0.0,0.164,0.164,1.3837,1.3837,0.0,0.0,0,0
santee_constant,SANTEE,61,0.164,1.3838,1.3838,0.0,0.0,0.164,0.164,1.3837,1.3838,0.0,0.0,135.7,0.0
santee_constant,SANTEE,62,0.164,1.3838,1.3838,0.0,0.0,0.164,0.164,1.3838,1.3838,0.0,0.0,134.3,0.0
santee_constant,SANTEE,63,0.164,1.3839,1.3839,0.0,0.0,0.164,0.164,1.3838,1.3839,0.0,0.0,229.79999999999998,0.0
santee_constant,SANTEE,64,0.164,1.3839,1.3839,0.0,0.0,0.164,0.164,1.3839,1.3839,0.0,0.0,7.4,0.0
santee_constant,SANTEE,65,0.164,1.3839,1.3839,0.0,0.0,0.164,0.164,1.3839,1.3839,0.0,0.0,91.2,0.0
santee_constant,SANTEE,66,0.164,1.384,1.384,0.0,0.0,0.164,0.164,1.3839,1.384,0.0,0.0,0,0
santee_constant,SANTEE,67,0.164,1.384,1.384,0.0,0.0,0.164,0.164,1.384,1.384,0.0,0.0,62.8,0.0
santee_constant,SANTEE,68,0.164,1.384,1.384,0.0,0.0,0.164,0.164,1.384,1.384,0.0,0.0,54.300000000000004,0.0
santee_constant,SANTEE,69,0.164,1.3841,1.3841,0.0,0.0,0.164,0.164,1.384,1.3841,0.0,0.0,0.3,0.0
santee_constant,SANTEE,70,0.164,1.3841,1.3841,0.0,0.0,0.164,0.164,1.3841,1.3841,0.0,0.0,0,0
santee_constant,SANTEE,71,0.164,1.3841,1.3841,0.0,0.0,0.164,0.164,1.3841,1.3841,0.0,0.0,23.7,0.0
santee_constant,SANTEE,72,0.164,1.3842,1.3842,0.0,0.0,0.164,0.164,1.3841,1.3842,0.0,0.0,20.799999999999997,0.0
santee_constant,SANTEE,73,0.164,1.3842,1.3842,0.0,0.0,0.164,0.164,1.3842,1.3842,0.0,0.0,0,0
santee_constant,SANTEE,74,0.164,1.3843,1.3843,0.0,0.0,0.164,0.164,1.3842,1.3843,0.0,0.0,15.0,0.0
santee_constant,SANTEE,75,0.164,1.3843,1.3843,0.0,0.0,0.164,0.164,1.3843,1.3843,0.0,0.0,0,0
santee_constant,SANTEE,76,0.164,1.3843,1.3843,0.0,0.0,0.164,0.164,1.3843,1.3843,0.0,0.0,0,0
santee_constant,SANTEE,77,0.164,1.3844,1.3844,0.0,0.0,0.164,0.164,1.3843,1.3844,0.0,0.0,9.8,0.0
santee_constant,SANTEE,78,0.164,1.3844,1.3844,0.0,0.0,0.164,0.164,1.3844,1.3844,0.0,0.0,6.1,0.0
santee_constant,SANTEE,79,0.164,1.3844,1.3844,0.0,0.0,0.164,0.164,1.3844,1.3844,0.0,0.0,45.2,0.0
santee_constant,SANTEE,80,0.164,1.3845,1.3845,0.0,0.0,0.164,0.164,1.3844,1.3845,0.0,0.0,0,0
santee_constant,SANTEE,81,0.164,1.3845,1.3845,0.0,0.0,0.164,0.164,1.3845,1.3845,0.0,0.0,88.5,0.0
santee_constant,SANTEE,82,0.164,1.3845,1.3845,0.0,0.0,0.164,0.164,1.3845,1.3845,0.0,0.0,71.8,0.0
santee_constant,SANTEE,83,0.164,1.3846,1.3846,0.0,0.0,0.164,0.164,1.3845,1.3846,0.0,0.0,0,0
santee_constant,SANTEE,84,0.164,1.3846,1.3846,0.0,0.0,0.164,0.164,1.3846,1.3846,0.0,0.0,36.4,0.0
santee_constant,SANTEE,85,0.164,1.3847,1.3847,0.0,0.0,0.164,0.164,1.3846,1.3847,0.0,0.0,9.5,0.0
santee_constant,SANTEE,86,0.164,1.3847,1.3847,0.0,0.0,0.164,0.164,1.3847,1.3847,0.0,0.0,0,0
santee_constant,SANTEE,87,0.164,1.3847,1.3847,0.0,0.0,0.164,0.164,1.3847,1.3847,0.0,0.0,3.2,0.0
santee_constant,SANTEE,88,0.164,1.3848,1.3848,0.0,0.0,0.164,0.164,1.3847,1.3848,0.0,0.0,15.3,0.0
santee_constant,SANTEE,89,0.164,1.3848,1.3848,0.0,0.0,0.164,0.164,1.3848,1.3848,0.0,0.0,24.0,0.0
santee_constant,SANTEE,90,0.164,1.3848,1.3848,0.0,0.0,0.164,0.164,1.3848,1.3848,0.0,0.0,93.80000000000001,0.0
santee_constant,SANTEE,91,0.164,1.3849,1.3849,0.0,0.0,0.164,0.164,1.3848,1.3849,0.0,0.0,42.8,0.0
santee_constant,SANTEE,92,0.164,1.3849,1.3849,0.0,0.0,0.164,0.164,1.3849,1.3849,0.0,0.0,0,0
santee_constant,SANTEE,93,0.164,1.3849,1.3849,0.0,0.0,0.164,0.164,1.3849,1.3849,0.0,0.0,0,0
santee_constant,SANTEE,94,0.164,1.385,1.385,0.0,0.0,0.164,0.164,1.3849,1.385,0.0,0.0,0,0
santee_constant,SANTEE,95,0.164,1.385,1.385,0.0,0.0,0.164,0.164,1.385,1.385,0.0,0.0,24.4,0.0
santee_constant,SANTEE,96,0.164,1.3851,1.3851,0.0,0.0,0.164,0.164,1.385,1.3851,0.0,0.0,6.6,0.0
santee_constant,SANTEE,97,0.164,1.3851,1.3851,0.0,0.0,0.164,0.164,1.3851,1.3851,0.0,0.0,39.9,0.0
santee_constant,SANTEE,98,0.164,1.3851,1.3851,0.0,0.0,0.164,0.164,1.3851,1.3851,0.0,0.0,159.4,0.0
santee_constant,SANTEE,99,0.164,1.3852,1.3852,0.0,0.0,0.164,0.164,1.3851,1.3852,0.0,0.0,98.80000000000001,0.0
santee_constant,SANTEE,100,0.164,1.3852,1.3852,0.0,0.0,0.164,0.164,1.3852,1.3852,0.0,0.0,43.1,0.0
santee_mixed,SANTEE,1,2.399,1.0352,0.171,0.8642,0.0,1.382,2.58,0.9497,1.3811,0.18100000000000005,0.18059999999999987,19.9,0.30000000000000004
santee_mixed,SANTEE,2,3.729,0.9165,0.2652,0.1076,0.5437,2.399,4.009,0.7180000000000001,1.0345,0.28000000000000025,0.2806299999999998,102.4,3.5
santee_mixed,SANTEE,3,4.763,0.9192,0.3387,0.168,0.4125,3.729,5.122,0.6405000000000001,0.9434,0.359,0.35853999999999975,155.8,7.5
santee_mixed,SANTEE,4,5.732,0.9864999999999999,0.4076,0.2133,0.3656,4.769,6.163,0.6374,1.0118,0.43100000000000005,0.43140999999999974,103.8,7.9
santee_mixed,SANTEE,5,6.631,1.0836000000000001,0.4688,0.254,0.3608,5.732,7.13,0.6821,1.1149,0.49899999999999967,0.49909999999999966,76.4,2.3
santee_mixed,SANTEE,6,7.774,1.2298,0.5519,0.2933,0.3846,6.631,8.359,0.7475,1.2650000000000001,0.585,0.5851299999999996,256.9,23.7
santee_mixed,SANTEE,7,8.577,1.3818,0.611,0.3459,0.4249,7.774,9.222,0.8486,1.4162,0.6449999999999996,0.6455399999999996,96.7,4.7
santee_mixed,SANTEE,8,9.479,1.5350000000000001,0.6702,0.3824,0.4824,8.58,10.193,0.9594,1.583,0.7140000000000004,0.7135099999999994,142.3,8.9
santee_mixed,SANTEE,9,10.402,1.7054,0.7382,0.4223,0.5449,9.48,11.185,1.0673,1.7530000000000001,0.7830000000000013,0.7829499999999995,194.79999999999998,11.299999999999999
santee_mixed,SANTEE,10,11.079,1.8636,0.7898,0.4648,0.609,10.402,11.913,1.1800000000000002,1.9057,0.8339999999999996,0.8339099999999995,178.2,13.9
santee_mixed,SANTEE,11,11.544,1.9907,0.8197,0.4963,0.6747,11.084,12.413,1.2937,2.0426,0.8689999999999998,0.8689099999999994,84.7,4.8
santee_mixed,SANTEE,12,12.106,2.0991,0.8601,0.5102,0.7288,11.549,13.017,1.3675000000000002,2.1555,0.9109999999999996,0.9111899999999993,122.39999999999999,6.8999999999999995
santee_mixed,SANTEE,13,12.521,2.2095,0.8885,0.5413,0.7797,12.106,13.464,1.4593,2.2727,0.9429999999999996,0.9424799999999993,74.8,3.8
santee_mixed,SANTEE,14,13.141,2.3224,0.9321,0.5591,0.8312,12.521,14.13,1.5394,2.3879,0.9890000000000008,0.9890999999999993,193.2,13.6
santee_mixed,SANTEE,15,13.706,2.4209,0.9744,0.5806,0.8659,13.141,14.738,1.5943,2.4782,1.032,1.0316599999999994,90.7,3.8000000000000003
santee_mixed,SANTEE,16,14.231,2.516,1.0053,0.608,0.9027,13.706,15.303,1.681,2.5909,1.072000000000001,1.0712099999999993,146.6,9.4
santee_mixed,SANTEE,17,14.656,2.6075,1.0375,0.6273,0.9427,14.231,15.759,1.7387000000000001,2.6892,1.1029999999999998,1.1031299999999993,31.9,0.7
santee_mixed,SANTEE,18,14.87,2.7093,1.0571,0.6574,0.9948,14.66,15.989,1.8209,2.7828,1.1190000000000015,1.1192299999999993,152.7,9.7
santee_mixed,SANTEE,19,15.204,2.7624,1.0743,0.6587,1.0294,14.87,16.349,1.8724,2.8395,1.1449999999999996,1.1444299999999992,98.3,4.5
santee_mixed,SANTEE,20,15.575,2.824,1.1032,0.6692,1.0516,15.206,16.747,1.9045,2.9005,1.1720000000000006,1.1722899999999992,62.400000000000006,2.6999999999999997
santee_mixed,SANTEE,21,15.807,2.8921,1.1187,0.6928,1.0806,15.575,16.997,1.9634,2.9810999999999996,1.1899999999999995,1.1897899999999992,33.1,1.4000000000000001
santee_mixed,SANTEE,22,16.225,2.9806,1.1539,0.7066,1.1201,15.81,17.446,2.0137,3.058,1.221,1.2212199999999993,157.5,11.3
santee_mixed,SANTEE,23,16.421,3.0461,1.1667,0.7276,1.1518,16.225,17.657,2.0754,3.1284,1.2360000000000007,1.235989999999999,130.2,9.3
santee_mixed,SANTEE,24,16.65,3.0913,1.1817,0.7314,1.1782,16.421,17.903,2.1138,3.1766,1.2530000000000001,1.253209999999999,73.8,3.1999999999999997
santee_mixed,SANTEE,25,16.809,3.1139,1.1875,0.7364,1.19,16.65,18.074,2.1394,3.2049000000000003,1.2650000000000006,1.2651799999999993,40.1,1.3
santee_mixed,SANTEE,26,17.301,3.1964,1.2324,0.749,1.215,16.809,18.603,2.1578,3.276,1.3020000000000032,1.3022099999999992,355.59999999999997,29.0
santee_mixed,SANTEE,27,17.451,3.2363,1.2403,0.7696,1.2264,17.303,18.764,2.2007000000000003,3.326,1.3129999999999988,1.313479999999999,289.3,21.4
santee_mixed,SANTEE,28,17.518,3.2695,1.2419,0.7771,1.2505,17.451,18.837,2.246,3.3541,1.318999999999999,1.318589999999999,125.7,4.6
santee_mixed,SANTEE,29,18.024,3.3276,1.2854,0.7757,1.2665,17.518,19.38,2.2466,3.3971999999999998,1.355999999999998,1.356599999999999,217.4,13.8
santee_mixed,SANTEE,30,18.339,3.3861,1.3006,0.8056,1.2799,18.024,19.72,2.3051,3.481,1.3810000000000002,1.380399999999999,86.5,2.4
santee_mixed,SANTEE,31,18.295,3.427,1.3026,0.816,1.3084,18.295,19.672,2.3356,3.512,1.376999999999999,1.3770399999999992,72.0,5.7
santee_mixed,SANTEE,32,18.209,3.4467,1.29,0.8198,1.3369,18.209,19.579,2.3851,3.548,1.370000000000001,1.3705299999999991,32.9,0.7
santee_mixed,SANTEE,33,18.034,3.489,1.2968,0.8205,1.3717,18.034,19.391,2.3976,3.5499,1.3569999999999993,1.3573699999999989,49.4,1.4
santee_mixed,SANTEE,34,18.047,3.4959,1.2952,0.818,1.3827,18.034,19.405,2.4001,3.5617,1.3580000000000005,1.358349999999999,463.4,40.4
santee_mixed,SANTEE,35,18.136,3.4815,1.2917,0.8113,1.3785,18.047,19.501,2.4143,3.5731,1.365000000000002,1.3650699999999991,62.599999999999994,2.2
santee_mixed,SANTEE,36,17.939,3.4781,1.2771,0.8166,1.3844,17.939,19.29,2.4187,3.5672,1.350999999999999,1.350299999999999,47.9,1.0
santee_mixed,SANTEE,37,18.016,3.4884999999999997,1.2828,0.8099,1.3958,17.939,19.372,2.4265,3.5719,1.3560000000000016,1.356039999999999,151.7,8.7
santee_mixed,SANTEE,38,18.069,3.4785000000000004,1.2855,0.8064,1.3866,18.016,19.429,2.409,3.5738000000000003,1.3599999999999994,1.360029999999999,105.9,6.1000000000000005
santee_mixed,SANTEE,39,18.271,3.4858000000000002,1.2984,0.8084,1.379,18.069,19.646,2.4159,3.5752,1.375,1.375219999999999,89.5,7.0
santee_mixed,SANTEE,40,18.02,3.4547999999999996,1.2749,0.812,1.3679,18.02,19.377,2.4205,3.5562,1.3569999999999993,1.3563899999999989,227.4,15.5
santee_mixed,SANTEE,41,18.257,3.4636,1.3014,0.7979,1.3643,18.02,19.631,2.3711,3.5513000000000003,1.3739999999999988,1.374169999999999,5.1,0.0
santee_mixed,SANTEE,42,18.654,3.5334000000000003,1.3322,0.8271,1.3741,18.257,20.058,2.4149000000000003,3.6105,1.404,1.404059999999999,118.1,7.2
santee_mixed,SANTEE,43,18.48,3.5138,1.3096,0.8311,1.3731,18.48,19.871,2.4398,3.6169000000000002,1.3909999999999982,1.390969999999999,55.9,1.7
santee_mixed,SANTEE,44,18.457,3.4869,1.3006,0.8149,1.3714,18.457,19.846,2.4375,3.6043000000000003,1.3889999999999993,1.389219999999999,167.4,13.6
santee_mixed,SANTEE,45,18.332,3.4997,1.3025,0.8196,1.3776,18.332,19.712,2.4271000000000003,3.5903,1.379999999999999,1.379839999999999,196.0,15.200000000000001
santee_mixed,SANTEE,46,18.501,3.5123,1.3157,0.8175,1.3791,18.332,19.893,2.4182,3.6014999999999997,1.3919999999999995,1.392509999999999,97.10000000000001,3.3000000000000003
santee_mixed,SANTEE,47,18.363,3.4995000000000003,1.2987,0.8244,1.3764,18.363,19.745,2.4409,3.6029999999999998,1.3820000000000014,1.382149999999999,122.2,8.6
santee_mixed,SANTEE,48,18.311,3.5148,1.3125,0.8173,1.385,18.311,19.69,2.4017,3.5873999999999997,1.3790000000000013,1.3782999999999992,154.1,8.8
santee_mixed,SANTEE,49,18.337,3.5188,1.3035,0.8272,1.3881,18.311,19.717,2.4423,3.6108000000000002,1.379999999999999,1.380189999999999,155.0,15.9
santee_mixed,SANTEE,50,18.604,3.5401,1.327,0.8198,1.3933,18.343,20.004,2.4344,3.6286,1.4000000000000021,1.400279999999999,353.4,32.4
santee_mixed,SANTEE,51,18.728,3.5411,1.3312,0.8284,1.3815,18.604,20.138,2.4377,3.6345,1.4100000000000001,1.409659999999999,104.39999999999999,10.0
santee_mixed,SANTEE,52,18.824,3.5639000000000003,1.3443,0.8344,1.3852,18.728,20.241,2.4276,3.6505,1.416999999999998,1.416869999999999,313.4,29.0
santee_mixed,SANTEE,53,18.806,3.575,1.3378,0.8439,1.3933,18.806,20.221,2.4618,3.6639999999999997,1.4149999999999991,1.4154699999999991,55.4,1.9
santee_mixed,SANTEE,54,19.188,3.5915,1.3588,0.8355,1.3972,18.807,20.632,2.4705,3.7005999999999997,1.4440000000000026,1.444239999999999,182.3,11.6
santee_mixed,SANTEE,55,19.203,3.6153999999999997,1.3636,0.8519,1.3999,19.188,20.648,2.4866,3.7138999999999998,1.4450000000000003,1.4453599999999989,49.6,1.4
santee_mixed,SANTEE,56,19.224,3.6449,1.363,0.8607,1.4212,19.203,20.67,2.5222,3.75,1.4460000000000015,1.4468999999999992,120.6,6.3999999999999995
santee_mixed,SANTEE,57,19.392,3.6884,1.3782,0.8639,1.4463,19.224,20.851,2.545,3.7832,1.4589999999999996,1.459569999999999,225.6,15.6
santee_mixed,SANTEE,58,19.537,3.7095000000000002,1.3891,0.867,1.4534,19.392,21.007,2.5542000000000002,3.8121,1.4700000000000024,1.470489999999999,140.9,7.3
santee_mixed,SANTEE,59,19.672,3.7151,1.395,0.8688,1.4513,19.537,21.153,2.5713,3.8163,1.480999999999998,1.4807099999999989,107.8,4.3
santee_mixed,SANTEE,60,19.796,3.7365,1.4053,0.8754,1.4558,19.672,21.286,2.5818,3.8326000000000002,1.490000000000002,1.490019999999999,24.2,0.1
santee_mixed,SANTEE,61,20.004,3.7706999999999997,1.4235,0.8828,1.4644,19.8,21.51,2.5845,3.8638,1.5060000000000002,1.5056999999999992,359.2,30.799999999999997
santee_mixed,SANTEE,62,20.156,3.7868,1.4307,0.8895,1.4666,20.004,21.673,2.6017,3.8908,1.5169999999999995,1.5171099999999988,326.2,33.1
santee_mixed,SANTEE,63,20.307,3.8259,1.4426,0.9005,1.4828,20.162,21.835,2.6324,3.9241,1.5280000000000022,1.528449999999999,358.2,44.1
santee_mixed,SANTEE,64,20.328,3.8049,1.4353,0.8935,1.4761,20.307,21.858,2.6388,3.9173,1.5300000000000011,1.5300599999999989,131.8,8.9
santee_mixed,SANTEE,65,20.174,3.8525,1.4394,0.9103,1.5028,20.174,21.693,2.6483,3.9473000000000003,1.519000000000002,1.5185099999999991,239.8,16.9
santee_mixed,SANTEE,66,20.148,3.8514999999999997,1.4301,0.9047,1.5167,20.148,21.665,2.6709,3.9581,1.5169999999999995,1.516549999999999,38.4,2.4
santee_mixed,SANTEE,67,20.11,3.8571999999999997,1.4312,0.9008,1.5252,20.11,21.624,2.6734999999999998,3.9514,1.5139999999999993,1.5136799999999988,244.4,20.0
santee_mixed,SANTEE,68,20.053,3.8173000000000004,1.4144,0.8916,1.5113,20.053,21.563,2.6764,3.9319,1.509999999999998,1.5094099999999988,297.7,19.5
santee_mixed,SANTEE,69,20.246,3.8244,1.4359,0.885,1.5035,20.053,21.77,2.6327,3.9346,1.524000000000001,1.523899999999999,104.2,5.6
santee_mixed,SANTEE,70,20.32,3.811,1.4404,0.8901,1.4805,20.246,21.85,2.6302000000000003,3.9086,1.5300000000000011,1.529499999999999,29.1,1.3
santee_mixed,SANTEE,71,20.252,3.8386,1.4379,0.9074,1.4933,20.252,21.776,2.6498,3.9426,1.524000000000001,1.524319999999999,134.5,10.8
santee_mixed,SANTEE,72,19.939,3.8438999999999997,1.4162,0.9094,1.5183,19.939,21.44,2.676,3.9579999999999997,1.5010000000000012,1.500799999999999,149.7,12.7
santee_mixed,SANTEE,73,19.863,3.8157,1.4068,0.8875,1.5214,19.863,21.358,2.6674,3.9241,1.495000000000001,1.495059999999999,157.9,10.700000000000001
santee_mixed,SANTEE,74,19.637,3.8125,1.3982,0.8901,1.5242,19.637,21.115,2.6563,3.9044999999999996,1.477999999999998,1.4780499999999988,131.9,10.5
santee_mixed,SANTEE,75,19.453,3.8017,1.3908,0.8842,1.5267,19.453,20.917,2.6414,3.8835,1.4640000000000022,1.464189999999999,78.9,2.5
santee_mixed,SANTEE,76,19.611,3.7878999999999996,1.3895,0.8774,1.521,19.454,21.088,2.6556,3.9016,1.4770000000000003,1.476159999999999,73.0,2.9
santee_mixed,SANTEE,77,19.644,3.7475,1.3881,0.8655,1.4939,19.612,21.122,2.6156,3.8584,1.4780000000000015,1.4785399999999989,185.8,10.299999999999999
santee_mixed,SANTEE,78,19.833,3.7542,1.4045,0.8704,1.4793,19.644,21.325,2.6014,3.8643,1.4920000000000009,1.492749999999999,92.9,5.4
santee_mixed,SANTEE,79,19.934,3.7648,1.4137,0.8796,1.4715,19.839,21.435,2.5964,3.8813,1.5009999999999977,1.500449999999999,133.8,14.7
santee_mixed,SANTEE,80,19.995,3.7862999999999998,1.4173,0.8896,1.4794,19.934,21.5,2.6207,3.8938,1.504999999999999,1.504999999999999,103.69999999999999,5.3
santee_mixed,SANTEE,81,19.837,3.7979,1.4088,0.8943,1.4948,19.837,21.33,2.6376,3.9006,1.4929999999999986,1.4930999999999988,312.59999999999997,16.4
santee_mixed,SANTEE,82,19.814,3.7853000000000003,1.4051,0.8829,1.4973,19.814,21.305,2.6325000000000003,3.8863,1.4909999999999997,1.4913499999999988,195.5,21.400000000000002
santee_mixed,SANTEE,83,19.764,3.7804,1.4047,0.8819,1.4938,19.764,21.252,2.6208,3.8872,1.4879999999999995,1.487639999999999,28.299999999999997,0.9
santee_mixed,SANTEE,84,19.73,3.7609,1.3992,0.8776,1.4841,19.73,21.215,2.6147,3.863,1.4849999999999994,1.4850499999999989,178.0,14.200000000000001
santee_mixed,SANTEE,85,19.933,3.8091,1.4245,0.8872,1.4974,19.73,21.433,2.6145,3.8921,1.5,1.500309999999999,147.0,7.6000000000000005
santee_mixed,SANTEE,86,19.847,3.7938,1.4116,0.8909,1.4913,19.847,21.341,2.6276,3.8905000000000003,1.4939999999999998,1.4938699999999991,49.2,1.7999999999999998
santee_mixed,SANTEE,87,19.655,3.8063,1.4021,0.8945,1.5097,19.655,21.134,2.6431,3.8941,1.4789999999999992,1.479379999999999,65.3,5.0
santee_mixed,SANTEE,88,19.639,3.7691,1.3929,0.8753,1.5009,19.639,21.118,2.624,3.8771,1.4789999999999992,1.4782599999999988,80.5,5.3
santee_mixed,SANTEE,89,20.015,3.7815,1.4214,0.8722,1.4879,19.639,21.521,2.6053,3.8842,1.5060000000000002,1.506469999999999,161.5,12.1
santee_mixed,SANTEE,90,19.925,3.7829,1.4106,0.8917,1.4806,19.925,21.424,2.6276,3.8842,1.4989999999999988,1.499679999999999,299.6,27.0
santee_mixed,SANTEE,91,19.985,3.8009999999999997,1.4239,0.8864,1.4907,19.925,21.489,2.6123,3.9014,1.5040000000000013,1.504229999999999,110.2,8.7
santee_mixed,SANTEE,92,19.688,3.7803,1.4072,0.889,1.4841,19.688,21.17,2.5954,3.8659,1.4820000000000029,1.481899999999999,21.1,0.6
santee_mixed,SANTEE,93,19.728,3.7609,1.398,0.8796,1.4833,19.69,21.213,2.6186,3.8775000000000004,1.4849999999999994,1.484909999999999,26.1,1.0
santee_mixed,SANTEE,94,19.676,3.7383,1.3924,0.872,1.4739,19.676,21.157,2.5996,3.8431,1.4810000000000016,1.480989999999999,61.5,1.6
santee_mixed,SANTEE,95,19.776,3.7889999999999997,1.412,0.8854,1.4916,19.676,21.265,2.6057,3.8761,1.4890000000000008,1.488549999999999,149.9,9.8
santee_mixed,SANTEE,96,19.819,3.7953,1.4072,0.8899,1.4982,19.776,21.311,2.637,3.9,1.4920000000000009,1.491769999999999,121.3,6.7
santee_mixed,SANTEE,97,19.891,3.7996,1.4115,0.8854,1.5027,19.822,21.388,2.6372,3.9074,1.4970000000000034,1.4971599999999992,200.3,15.7
santee_mixed,SANTEE,98,20.155,3.7973999999999997,1.4253,0.8812,1.4909,19.891,21.672,2.63,3.9095,1.5169999999999995,1.517039999999999,417.7,54.699999999999996
santee_mixed,SANTEE,99,19.887,3.8014,1.4126,0.8966,1.4922,19.887,21.384,2.6342,3.9119,1.4969999999999999,1.4968799999999989,194.2,21.2
santee_mixed,SANTEE,100,19.892,3.7705,1.4007,0.8806,1.4892,19.891,21.389,2.6383,3.8976,1.4969999999999999,1.497229999999999,140.4,11.7
